game_id,pitcher_id,pitcher_name,game_date,snapshot_captured_at,team,opponent,side,match_status,pregame_identity_source,pitcher_k_pct,pitcher_so_rate,pitcher_swstr_pct,pitcher_csw_pct,pitcher_bb_pct,pitcher_fip,pitcher_xfip,pitcher_siera,pitcher_xera,pitcher_last5_ks_avg,pitcher_last5_ip_avg,pitcher_last5_bf_avg,pitcher_last5_pitch_count_avg,projected_pitches,projected_innings,pitches_last_start,pitches_last_3_starts,days_since_last_start,opponent_lineup_k_pct,opponent_offense_ops,opponent_offense_woba,opponent_offense_xwoba,park_factor_k,weather_temp,weather_wind_speed,projected_strikeouts,actual_k
"822696","676917","Cade Cavalli","2026-08-13","2026-08-13T18:42:08.203Z","Washington Nationals","Chicago Cubs","home","MATCHED","PREGAME_LINESCORE_DEFENSE_ID","25.5","25.5","12.1","30.3","7.1","3.71","3.1","3.56","4.12","6.2","6","23.8","95","94","6","100","288","6","24.136192350956133","0.761","0.334","0.32","93","33.2","10.7","5.98","10"
"822702","641793","Zack Littell","2026-07-29","2026-07-29T14:55:43.755Z","Washington Nationals","Toronto Blue Jays","home","MATCHED","PREGAME_LINESCORE_DEFENSE_ID","15.2","15.2","8.6","23.9","7.1","6.12","4.44","4.7","6.27","2.6","4.5","20.6","79","80","4.2","77","242","5","19","0.682","0.3","0.292","93","28.9","20.6","3.52","2"
"822707","687223","Carson Palmquist","2026-07-24","2026-07-24T19:48:59.280Z","Washington Nationals","Arizona Diamondbacks","home","MATCHED","PREGAME_LINESCORE_DEFENSE_ID","25.9","25.9","12.6","30.2","5.6","3.46","3.4","3.53","4.11","3","2.3","10.8","44","27","1.1","36","88","3","19.6","0.709","0.311","0.342","93","27.6","10.2","2.31","1"
"822708","676917","Cade Cavalli","2026-07-12","2026-07-12T16:55:47.763Z","Washington Nationals","New York Yankees","home","MATCHED","PREGAME_LINESCORE_DEFENSE_ID","25.5","25.5","12.2","30.7","7.5","3.45","3.19","3.68","4.13","5.8","4.6","19.8","82","77","4.1","63","260","7","22.7","0.742","0.324","0.32","94","28.5","10","4.88","5"
"822709","687223","Carson Palmquist","2026-07-10","2026-07-10T20:34:16.882Z","Washington Nationals","New York Yankees","home","MATCHED","PREGAME_LINESCORE_DEFENSE_ID","25","25","11.8","26.8","7.1","2.41","3.27","3.75","3.67","3","2.2","10","48","28","1.1","16","69","3","24","0.736","0.322","0.316","94","28.6","11.2","2.24","4"
"822710","656492","Foster Griffin","2026-07-08","2026-07-08T20:22:02.343Z","Washington Nationals","Houston Astros","home","MATCHED","PREGAME_LINESCORE_DEFENSE_ID","23.8","23.8","11.9","30.4","6.2","4.36","3.23","3.49","4.02","6.2","6.3","24.6","100","100","6.1","83","300","5","20.8","0.727","0.318","0.309","94","28.2","7.2","5.85","9"
"822712","571945","Miles Mikolas","2026-07-06","2026-07-06T22:27:30.388Z","Washington Nationals","Houston Astros","home","MATCHED","PREGAME_LINESCORE_DEFENSE_ID","13.2","13.2","7.1","25","4.8","5.46","3.98","4.58","4.8","2.8","4.5","19.6","75","75","4.2","97","242","7","22.5","0.725","0.316","0.308","","","","3.43","3"
"822713","674841","Andrew Alvarez","2026-07-07","2026-07-07T21:48:01.396Z","Washington Nationals","Houston Astros","home","MATCHED","PREGAME_LINESCORE_DEFENSE_ID","27.6","27.6","13","29.9","9.2","2.74","2.51","3.65","4.08","5","4.2","18.6","77","76","4","74","230","6","20.183052313013402","0.727","0.317","0.302","","28.3","4.1","5.03","3"
"822714","656492","Foster Griffin","2026-07-03","2026-07-03T22:10:18.475Z","Washington Nationals","Pittsburgh Pirates","home","MATCHED","PREGAME_LINESCORE_DEFENSE_ID","24.5","24.5","12","30.6","6.3","4.3","3.18","3.41","3.9","6.6","6.3","24","96","94","6.1","112","317","6","25.8","0.759","0.333","0.333","","38.5","11.2","5.96","2"
"822716","687223","Carson Palmquist","2026-07-04","2026-07-04T14:39:47.382Z","Washington Nationals","Pittsburgh Pirates","home","MATCHED","PREGAME_LINESCORE_DEFENSE_ID","23.5","23.5","12.2","29.7","5.9","2.05","3.31","3.24","3.61","3","3.3","12","58","33","2","16","74","3","24","0.76","0.334","0.326","","35.8","8.9","2.7","3"
"822717","676917","Cade Cavalli","2026-06-25","2026-06-25T20:14:30.015Z","Washington Nationals","Philadelphia Phillies","home","MATCHED","PREGAME_LINESCORE_DEFENSE_ID","23.5","23.5","10.9","30.1","8","3.6","3.51","3.96","4.49","4.2","4.7","21.2","83","85","","68","237","5","22.3","0.699","0.306","0.306","","31","13","","7"
"822718","676571","PJ Poulin","2026-06-23","2026-06-23T21:41:55.279Z","Washington Nationals","Philadelphia Phillies","home","MATCHED","PREGAME_LINESCORE_DEFENSE_ID","15.1","15.1","6.2","25.6","14.3","5.62","5.01","5.44","5.92","0.8","1.6","6","23","18","","23","61","4","24.1","0.693","0.304","0.302","","21.1","14.6","","1"
"822719","687223","Carson Palmquist","2026-06-24","2026-06-24T21:17:11.177Z","Washington Nationals","Philadelphia Phillies","home","MATCHED","PREGAME_LINESCORE_DEFENSE_ID","N/A","","","","N/A","","","","","","","","","","","0","0","5","21.4","0.701","0.307","0.299","","28","4.1","","3"
"822776","453286","Max Scherzer","2026-08-13","2026-08-13T18:42:05.020Z","Toronto Blue Jays","Boston Red Sox","home","MATCHED","PREGAME_LINESCORE_DEFENSE_ID","16.8","16.8","9","22.3","9.3","7.01","4.36","4.72","5.43","3.4","3.9","18.6","81","81","4","84","243","5","21.318508026440036","0.721","0.318","0.319","98","26.2","8.2","3.62","4"
"822785","669456","Shane Bieber","2026-07-23","2026-07-23T17:27:16.655Z","Toronto Blue Jays","Tampa Bay Rays","home","MATCHED","PREGAME_LINESCORE_DEFENSE_ID","17.6","17.6","11.8","27.9","11.1","6.96","4.38","4.65","8.54","3.8","4.7","21.6","87","90","5","80","266","5","19.3","0.738","0.325","0.32","98","20.4","16.6","4.21","3"
"822787","592332","Kevin Gausman","2026-07-21","2026-07-21T22:26:27.685Z","Toronto Blue Jays","Tampa Bay Rays","home","MATCHED","PREGAME_LINESCORE_DEFENSE_ID","24.7","24.7","13.8","28.9","6.8","3.75","2.99","3.24","3.88","6","5.1","24.2","92","93","5","103","291","9","18.1","0.734","0.323","0.303","98","19.5","10.6","5.82","1"
"822789","693686","Spencer Miles","2026-07-17","2026-07-17T23:14:17.701Z","Toronto Blue Jays","Chicago White Sox","home","MATCHED","PREGAME_LINESCORE_DEFENSE_ID","23.5","23.5","9.1","28","7.8","3.12","3","3.79","3.28","1.67","3.3","15.3","54","51","3","39","140","6","23.9","0.732","0.321","0.334","98","21.5","10.1","3.25","4"
"822792","702056","Trey Yesavage","2026-06-29","2026-06-29T22:55:06.600Z","Toronto Blue Jays","New York Mets","home","MATCHED","PREGAME_LINESCORE_DEFENSE_ID","23.3","23.3","14.2","27.8","12","3.89","3.74","4.03","2.93","4.6","5.7","24.2","93","94","5.2","105","281","5","21.6","0.675","0.297","0.342","","","","5.57","3"
"822795","669456","Shane Bieber","2026-06-28","2026-06-28T17:24:58.386Z","Toronto Blue Jays","Texas Rangers","home","MATCHED","PREGAME_LINESCORE_DEFENSE_ID","10.5","10.5","8","22.7","N/A","12.75","5.09","5.64","34.19","2","3.7","19","75","65","","75","75","5","21","0.712","0.314","0.323","","25.2","11.2","","4"
"822796","571578","Patrick Corbin","2026-06-26","2026-06-26T23:01:17.077Z","Toronto Blue Jays","Texas Rangers","home","MATCHED","PREGAME_LINESCORE_DEFENSE_ID","16.2","16.2","9.9","23.4","7.9","4.65","4.1","4.68","5.63","3","4.1","20","84","79","","101","256","6","22.1","0.71","0.313","0.321","","18.8","8.9","","5"
"822797","592332","Kevin Gausman","2026-06-25","2026-06-25T20:14:34.527Z","Toronto Blue Jays","Texas Rangers","home","MATCHED","PREGAME_LINESCORE_DEFENSE_ID","24.3","24.3","14","28.5","5.5","3.51","2.89","3.14","3.49","5.6","5","21.6","91","90","","68","266","6","21","0.706","0.312","0.317","","15","14.9","","4"
"822798","702056","Trey Yesavage","2026-06-24","2026-06-24T21:17:14.600Z","Toronto Blue Jays","Houston Astros","home","MATCHED","PREGAME_LINESCORE_DEFENSE_ID","23.7","23.7","14.4","28.3","11.2","3.87","3.63","3.89","2.94","4.8","5.9","24.6","91","93","","95","267","6","19.7","0.732","0.319","0.328","","20.6","11.9","","5"
"822871","677958","Kumar Rocker","2026-07-21","2026-07-21T22:26:32.606Z","Texas Rangers","Chicago White Sox","home","MATCHED","PREGAME_LINESCORE_DEFENSE_ID","20.5","20.5","12.1","26","8.7","4.39","3.57","4.12","4.74","4.4","4.8","21.8","84","86","5","91","268","10","21.4","0.732","0.321","0.321","102","39.7","7.4","4.88","6"
"822875","677958","Kumar Rocker","2026-07-11","2026-07-11T21:45:38.221Z","Texas Rangers","Houston Astros","home","MATCHED","PREGAME_LINESCORE_DEFENSE_ID","20.4","20.4","12.1","26.3","8.8","4.04","3.54","4.14","4.58","4.2","4.7","20.6","85","82","4.2","85","253","6","21.4","0.725","0.317","0.309","101","35.2","18.1","4.62","6"
"822876","669022","MacKenzie Gore","2026-07-12","2026-07-12T16:55:52.712Z","Texas Rangers","Houston Astros","home","MATCHED","PREGAME_LINESCORE_DEFENSE_ID","25.6","25.6","12.6","27.5","9.2","3.67","3.24","3.42","3.96","7","6","24.8","95","96","6","90","280","4","19.9","0.728","0.318","0.311","101","33.7","10.7","6.16","4"
"822879","677958","Kumar Rocker","2026-07-05","2026-07-05T19:21:53.972Z","Texas Rangers","Detroit Tigers","home","MATCHED","PREGAME_LINESCORE_DEFENSE_ID","20.3","20.3","12.1","26.3","9","3.99","3.54","4.19","4.51","3.8","5","21.8","85","84","5","92","238","7","25.8","0.71","0.313","0.31","","36.4","8.9","4.92","4"
"822881","594798","Jacob deGrom","2026-07-07","2026-07-07T23:57:31.981Z","Texas Rangers","Los Angeles Angels","home","MATCHED","PREGAME_LINESCORE_DEFENSE_ID","30.3","30.3","18","32","5.3","3.6","2.44","2.3","3.44","7.4","6.2","24.2","94","97","6.1","96","293","7","25.83382949932341","0.703","0.31","0.302","","32.1","23.4","7.64","7"
"822882","615698","Cal Quantrill","2026-07-04","2026-07-04T19:13:50.245Z","Texas Rangers","Detroit Tigers","home","MATCHED","PREGAME_LINESCORE_DEFENSE_ID","16.8","16.8","10.2","27.1","7.4","4.53","4.22","4.7","4.83","3","3","12","45","36","2.1","55","125","7","25.6","0.712","0.314","0.331","","36.6","9","2.47","2"
"822884","543135","Nathan Eovaldi","2026-07-02","2026-07-02T21:55:01.566Z","Texas Rangers","Detroit Tigers","home","MATCHED","PREGAME_LINESCORE_DEFENSE_ID","24.4","24.4","15.6","31.1","5.6","4.26","3.01","3.43","4.03","6.8","6.3","26.2","92","95","6.2","92","280","6","25.8","0.71","0.313","0.316","","34.9","13","6.91","9"
"822951","693855","Ian Seymour","2026-07-12","2026-07-12T16:55:56.862Z","Tampa Bay Rays","Seattle Mariners","home","MATCHED","PREGAME_LINESCORE_DEFENSE_ID","28.7","28.7","14.7","33","8.4","3.93","3.18","3","3.21","6.2","4.5","17.6","68","71","4.2","94","267","5","25.1","0.688","0.305","0.291","102","34.8","7.8","4.96","3"
"822952","663556","Shane McClanahan","2026-07-24","2026-07-24T19:49:08.384Z","Tampa Bay Rays","Cleveland Guardians","home","MATCHED","PREGAME_LINESCORE_DEFENSE_ID","22.5","22.5","12.8","30.1","8.2","3.45","3.52","3.81","4.17","3.8","5.4","22","80","84","5.2","87","241","5","25.8","0.687","0.304","0.294","102","31.6","12.3","5.23","3"
"822954","656876","Drew Rasmussen","2026-07-09","2026-07-09T17:04:56.969Z","Tampa Bay Rays","New York Yankees","home","MATCHED","PREGAME_LINESCORE_DEFENSE_ID","25.4","25.4","12.2","29.1","4.5","3.38","2.72","3.13","3.17","6.4","6.2","24","93","96","6.1","77","266","5","23.3","0.732","0.32","0.315","102","34.7","4.7","5.98","2"
"822955","607259","Nick Martinez","2026-07-10","2026-07-10T20:34:24.297Z","Tampa Bay Rays","Seattle Mariners","home","MATCHED","PREGAME_LINESCORE_DEFENSE_ID","15","15","9.1","26.5","4.4","3.91","3.88","4.37","4.68","3.8","5.9","23.4","85","86","6","85","258","7","29.4","0.691","0.306","0.3","102","32.1","9.8","4.74","1"
"822956","693855","Ian Seymour","2026-07-07","2026-07-07T21:55:13.893Z","Tampa Bay Rays","New York Yankees","home","MATCHED","PREGAME_LINESCORE_DEFENSE_ID","26.1","26.1","14.4","32.6","9.1","4.2","3.51","3.45","3.34","4.75","4.3","16.8","61","66","4.2","83","254","5","22.8","0.735","0.321","0.324","","31.3","7.3","4.48","12"
"822957","663556","Shane McClanahan","2026-07-08","2026-07-08T20:22:10.363Z","Tampa Bay Rays","New York Yankees","home","MATCHED","PREGAME_LINESCORE_DEFENSE_ID","23.2","23.2","12.9","30.2","8.4","3.38","3.42","3.74","4.28","4.8","4.9","22","76","78","5","69","227","7","22.7","0.735","0.321","0.316","102","33.8","13","5.26","5"
"822958","643377","Griffin Jax","2026-07-06","2026-07-06T22:27:34.399Z","Tampa Bay Rays","New York Yankees","home","MATCHED","PREGAME_LINESCORE_DEFENSE_ID","23.4","23.4","14.5","31","8.1","4.7","3.23","3.66","5.37","5.2","5.2","20.2","71","72","5.1","71","228","6","21.8","0.737","0.322","0.317","","","","5.04","10"
"822959","656876","Drew Rasmussen","2026-06-28","2026-06-28T17:25:02.982Z","Tampa Bay Rays","Arizona Diamondbacks","home","MATCHED","PREGAME_LINESCORE_DEFENSE_ID","26.8","26.8","12.4","29.2","4.5","3.08","2.47","2.96","3.08","7.6","6.2","22.8","89","91","","90","289","6","19.1","0.694","0.306","0.312","","33.9","9.4","","5"
"822961","668984","Casey Legumina","2026-06-25","2026-06-25T16:04:39.366Z","Tampa Bay Rays","Kansas City Royals","home","MATCHED","PREGAME_LINESCORE_DEFENSE_ID","17.3","17.3","10.7","26.7","5.3","3.61","4","4.37","4.55","1","1.7","7","28","20","","19","49","8","24.7","0.717","0.316","0.322","","31.6","12.5","","0"
"822962","607259","Nick Martinez","2026-06-26","2026-06-26T23:01:40.287Z","Tampa Bay Rays","Arizona Diamondbacks","home","MATCHED","PREGAME_LINESCORE_DEFENSE_ID","15.1","15.1","9.3","26.5","4.7","3.77","3.82","4.35","4.61","3.8","5.9","24.4","81","89","","88","257","5","18.8","0.696","0.307","0.326","","32","10.5","","3"
"822963","663556","Shane McClanahan","2026-06-23","2026-06-23T21:42:00.959Z","Tampa Bay Rays","Kansas City Royals","home","MATCHED","PREGAME_LINESCORE_DEFENSE_ID","24","24","13.3","30.2","9.4","3.02","3.43","3.78","3.91","4.4","4.6","21","78","80","","83","238","6","26.1","0.713","0.315","0.306","","32.2","18","","4"
"822965","643377","Griffin Jax","2026-06-24","2026-06-24T21:17:17.293Z","Tampa Bay Rays","Kansas City Royals","home","MATCHED","PREGAME_LINESCORE_DEFENSE_ID","22.8","22.8","14.7","30.8","8.9","4.81","3.32","3.8","5.34","4.4","4.2","17","61","61","","69","194","5","25","0.717","0.316","0.326","","31.7","17.4","","7"
"823029","669160","Dustin May","2026-07-12","2026-07-12T16:56:01.163Z","St. Louis Cardinals","Atlanta Braves","home","MATCHED","PREGAME_LINESCORE_DEFENSE_ID","23","23","10.6","29.1","6.5","3.29","3.14","3.61","3.77","5","4.5","18","72","67","4.1","81","159","6","20.8","0.722","0.316","0.321","90","29.6","13","4","4"
"823030","669461","Matthew Liberatore","2026-07-11","2026-07-11T21:45:44.902Z","St. Louis Cardinals","Atlanta Braves","home","MATCHED","PREGAME_LINESCORE_DEFENSE_ID","21","21","10.5","27.4","9","5.18","3.89","4.05","5.49","4.2","4.3","20.2","78","80","4.1","78","274","6","23","0.724","0.317","0.321","90","26.3","10.8","4.48","6"
"823033","681517","Kyle Leahy","2026-07-10","2026-07-10T20:34:26.942Z","St. Louis Cardinals","Atlanta Braves","home","MATCHED","PREGAME_LINESCORE_DEFENSE_ID","19.3","19.3","10","26.9","8.7","4.18","3.81","4.33","5.56","5.2","5.5","21.8","81","83","5.2","77","249","6","20.5","0.728","0.319","0.321","90","23.1","19.5","4.74","2"
"823034","669467","Andre Pallante","2026-07-09","2026-07-09T21:01:17.553Z","St. Louis Cardinals","Milwaukee Brewers","home","MATCHED","PREGAME_LINESCORE_DEFENSE_ID","17.6","17.6","9.4","28.4","6.8","4","3.57","4.57","3.7","3.8","6.3","24.8","94","93","6.1","102","285","6","19.4","0.734","0.323","0.339","90","27.5","2.5","4.59","2"
"823035","690928","Hunter Dobbins","2026-07-07","2026-07-07T23:38:15.085Z","St. Louis Cardinals","Milwaukee Brewers","home","MATCHED","PREGAME_LINESCORE_DEFENSE_ID","26","26","11.4","26.8","9.6","4.47","2.85","3.53","5.52","4.5","4.3","19.5","84","79","4","88","227","26","19.5","0.734","0.323","0.334","","30.3","7.9","4.83","4"
"823036","669160","Dustin May","2026-07-06","2026-07-06T23:25:29.891Z","St. Louis Cardinals","Milwaukee Brewers","home","MATCHED","PREGAME_LINESCORE_DEFENSE_ID","22.2","22.2","10.4","29","6.8","3.46","3.29","3.75","3.85","5.4","4.7","19.2","74","66","4.1","34","179","4","22.1","0.735","0.324","0.328","","","","4.12","7"
"823037","681517","Kyle Leahy","2026-06-28","2026-06-28T18:07:36.783Z","St. Louis Cardinals","Miami Marlins","home","MATCHED","PREGAME_LINESCORE_DEFENSE_ID","18.3","18.3","10","26.9","8.3","4.37","3.83","4.41","5.88","4","5.1","21.8","80","84","","85","243","5","25.4","0.714","0.315","0.319","","32.3","9.4","","5"
"823038","669467","Andre Pallante","2026-06-27","2026-06-27T22:36:58.402Z","St. Louis Cardinals","Miami Marlins","home","MATCHED","PREGAME_LINESCORE_DEFENSE_ID","18.5","18.5","9.7","29.3","7.2","4.19","3.59","4.5","3.75","4.2","5.5","22.6","86","89","","85","270","5","22.9","0.712","0.315","0.324","","","","","4"
"823039","700241","Michael McGreevy","2026-06-26","2026-06-27T00:07:39.232Z","St. Louis Cardinals","Miami Marlins","home","MATCHED","PREGAME_LINESCORE_DEFENSE_ID","15.9","15.9","8.4","25","6","4.52","3.75","4.37","5.7","3.2","5.4","23.2","89","89","","95","267","7","25.2","0.713","0.315","0.311","","24.4","4","","4"
"823041","669461","Matthew Liberatore","2026-06-24","2026-06-24T21:17:19.992Z","St. Louis Cardinals","Arizona Diamondbacks","home","MATCHED","PREGAME_LINESCORE_DEFENSE_ID","20.9","20.9","10.6","26.7","8.4","5.16","3.73","3.89","5.77","4.8","4.1","18.8","78","70","","48","202","6","15","0.692","0.305","0.327","","28.5","9.4","","3"
"823043","681517","Kyle Leahy","2026-06-23","2026-06-23T23:00:13.253Z","St. Louis Cardinals","Arizona Diamondbacks","home","MATCHED","PREGAME_LINESCORE_DEFENSE_ID","18.7","18.7","10.2","27.2","8.3","4.47","3.83","4.38","6.07","5","4.9","22","80","81","","81","237","6","18.9","0.693","0.305","0.322","","27.3","7.4","","3"
"823096","693433","Bryan Woo","2026-08-26","2026-08-26T17:50:16.221Z","Seattle Mariners","Philadelphia Phillies","home","MATCHED","PREGAME_EXPLICIT_ID","24.3","24.3","13.2","27.3","5.2","3.41","3.13","3.19","3.56","5.6","5.6","22.6","89","88","5.2","75","258","10","19.282527059863042","0.715","0.313","0.325","118","20.9","8","5.72","5"
"823096","666200","Jesús Luzardo","2026-08-26","2026-08-26T17:50:16.221Z","Philadelphia Phillies","Seattle Mariners","away","MATCHED","PREGAME_EXPLICIT_ID","30.1","30.1","14.6","32.8","7.3","2.96","2.54","2.95","2.87","8.4","6.7","27.2","103","103","6.2","110","319","5","23.58543365455893","0.687","0.304","0.305","118","20.9","8","7.5","9"
"823110","676106","Emerson Hancock","2026-07-22","2026-07-22T19:27:54.868Z","Seattle Mariners","Cincinnati Reds","home","MATCHED","PREGAME_LINESCORE_DEFENSE_ID","24.1","24.1","12","25.3","6.4","3.75","3.27","3.36","4.34","4.2","4.7","19.6","69","65","4.1","19","209","10","23.3","0.708","0.311","0.343","118","28.2","9.2","4.54","3"
"823113","669302","Logan Gilbert","2026-07-19","2026-07-19T19:08:18.913Z","Seattle Mariners","San Francisco Giants","home","MATCHED","PREGAME_LINESCORE_DEFENSE_ID","26.5","26.5","15.2","30.5","5.3","3.47","2.94","2.91","3.82","7.4","6.9","25.6","96","98","7","96","290","8","19.6","0.729","0.317","0.307","118","20.6","12.6","6.91","10"
"823114","622491","Luis Castillo","2026-07-21","2026-07-21T22:26:36.297Z","Seattle Mariners","Cincinnati Reds","home","MATCHED","PREGAME_LINESCORE_DEFENSE_ID","20.8","20.8","12.4","26","7.2","4.26","3.63","3.91","4.56","4.2","5.7","24.2","93","96","6","91","283","11","22.9","0.709","0.311","0.307","118","30.2","6.6","5.41","3"
"823115","682243","Bryce Miller","2026-07-17","2026-07-18T01:36:49.895Z","Seattle Mariners","San Francisco Giants","home","MATCHED","PREGAME_LINESCORE_DEFENSE_ID","30.2","30.2","16.4","29.3","4.2","3.22","2.5","2.18","2.27","7.2","6.1","23.2","84","86","6.1","81","261","8","19","0.73","0.317","0.324","118","20.8","6.8","6.44","6"
"823117","676106","Emerson Hancock","2026-07-05","2026-07-05T20:12:29.755Z","Seattle Mariners","Toronto Blue Jays","home","MATCHED","PREGAME_LINESCORE_DEFENSE_ID","24.2","24.2","11.7","24.8","6.1","3.86","3.24","3.33","4.48","4.8","5.2","21.8","83","83","5.1","98","233","7","17.8","0.692","0.304","0.298","","21.2","11.3","4.98","5"
"823118","669302","Logan Gilbert","2026-07-04","2026-07-04T19:13:52.994Z","Seattle Mariners","Toronto Blue Jays","home","MATCHED","PREGAME_LINESCORE_DEFENSE_ID","27","27","15","30.4","5.6","3.69","2.92","2.89","3.85","7.6","6.3","24","99","97","6.1","103","291","7","20.3","0.697","0.307","0.294","","17.5","3.1","6.74","7"
"823119","682243","Bryce Miller","2026-07-02","2026-07-02T21:52:41.145Z","Seattle Mariners","Los Angeles Angels","home","MATCHED","PREGAME_LINESCORE_DEFENSE_ID","33.1","33.1","16.8","29.6","3.1","3.16","2.18","1.69","2.28","8","5.9","20.2","82","80","5.2","90","247","7","24.3","0.714","0.314","0.306","","16.6","10.3","6.87","8"
"823120","622491","Luis Castillo","2026-07-03","2026-07-03T23:50:39.403Z","Seattle Mariners","Toronto Blue Jays","home","MATCHED","PREGAME_LINESCORE_DEFENSE_ID","21.5","21.5","13","26.4","7.7","4.03","3.67","3.89","4.6","5","5.4","22.2","90","87","5.1","91","238","7","19.8","0.7","0.308","0.279","","","","5.1","4"
"823121","669923","George Kirby","2026-06-29","2026-06-30T01:10:30.214Z","Seattle Mariners","Los Angeles Angels","home","MATCHED","PREGAME_LINESCORE_DEFENSE_ID","20.9","20.9","10.8","26.5","5.7","3.45","3.26","3.76","3.76","5.8","5.5","24.8","93","96","5.2","91","287","6","24.4","0.716","0.315","0.306","","16.4","5.6","5.83","7"
"823180","657277","Logan Webb","2026-08-26","2026-08-26T17:47:36.942Z","San Francisco Giants","Cincinnati Reds","home","MATCHED","PREGAME_EXPLICIT_ID","19.4","19.4","9.8","27.8","6.1","3.45","3.36","4.19","3.83","4.6","5.7","23","88","89","5.2","70","250","5","25.2092936802974","0.694","0.306","0.303","97","23.2","5.4","4.83","6"
"823180","666157","Nick Lodolo","2026-08-26","2026-08-26T17:47:36.942Z","Cincinnati Reds","San Francisco Giants","away","MATCHED","PREGAME_EXPLICIT_ID","17.5","17.5","10.1","26.8","9.2","5.52","4.34","4.79","6.49","3.4","4.7","21.4","82","84","4.2","91","234","5","29.796842105263167","0.711","0.31","0.281","97","23.2","5.4","4.6","5"
"823192","657277","Logan Webb","2026-07-29","2026-07-29T18:55:53.116Z","San Francisco Giants","Milwaukee Brewers","home","MATCHED","PREGAME_LINESCORE_DEFENSE_ID","19.2","19.2","9.9","27.3","6.3","3.59","3.38","4.24","4.04","3.8","5.9","25.2","95","97","6","99","305","5","23.1","0.738","0.325","0.338","96","21.4","8.3","4.96","4"
"823199","686790","Trevor McDonald","2026-07-12","2026-07-12T20:00:20.433Z","San Francisco Giants","Colorado Rockies","home","MATCHED","PREGAME_LINESCORE_DEFENSE_ID","18.8","18.8","9.5","28.2","7.5","4.08","3.67","4.75","4.04","2.6","4.1","20.2","80","76","4","58","238","5","19.3","0.748","0.328","0.32","97","22.3","19.4","3.77","4"
"823202","657277","Logan Webb","2026-07-08","2026-07-08T18:38:50.664Z","San Francisco Giants","Toronto Blue Jays","home","MATCHED","PREGAME_LINESCORE_DEFENSE_ID","20.4","20.4","9.7","27.3","6.3","3.4","3.22","4.1","4","5.4","6.8","26.2","95","98","7","76","271","5","20.1","0.686","0.302","0.282","","16.5","16.2","5.5","2"
"823203","686790","Trevor McDonald","2026-07-07","2026-07-08T01:39:44.224Z","San Francisco Giants","Toronto Blue Jays","home","MATCHED","PREGAME_LINESCORE_DEFENSE_ID","20.2","20.2","10","28.5","7.7","3.83","3.57","4.63","3.88","3.8","4.6","20.8","86","82","4.1","90","249","6","30.5","0.685","0.301","0.256","","15","25.9","4.77","0"
"823204","592662","Robbie Ray","2026-06-28","2026-06-28T19:53:42.376Z","San Francisco Giants","Atlanta Braves","home","MATCHED","PREGAME_LINESCORE_DEFENSE_ID","21.9","21.9","12.1","25.3","11.5","4.89","4.23","4.15","4.74","4.4","5.3","22.8","96","93","","102","289","5","22.3","0.723","0.316","0.311","","22.3","19.4","","2"
"823205","694738","Landen Roupp","2026-07-06","2026-07-07T01:30:45.402Z","San Francisco Giants","Toronto Blue Jays","home","MATCHED","PREGAME_LINESCORE_DEFENSE_ID","26","26","11.2","29","10.5","3.3","3.18","3.73","3.43","5.4","5","22","99","96","5","84","290","6","17.8","0.688","0.303","0.285","","15","20.5","5.43","5"
"823206","686790","Trevor McDonald","2026-06-26","2026-06-27T02:04:58.896Z","San Francisco Giants","Atlanta Braves","home","MATCHED","PREGAME_LINESCORE_DEFENSE_ID","20.5","20.5","10.4","28.9","8.8","4.27","3.67","4.82","4.49","4.2","4.6","22.2","84","84","","69","248","6","20.9","0.73","0.32","0.32","","15.4","22.4","","3"
"823207","657277","Logan Webb","2026-06-27","2026-06-28T01:03:09.114Z","San Francisco Giants","Atlanta Braves","home","MATCHED","PREGAME_LINESCORE_DEFENSE_ID","20.8","20.8","9.8","27.6","5.9","3.16","3.15","4.05","3.59","5.6","7.1","25.8","98","97","","103","308","6","20.8","0.728","0.319","0.319","","17.5","26","","6"
"823209","694738","Landen Roupp","2026-06-25","2026-06-25T19:14:00.691Z","San Francisco Giants","Athletics","home","MATCHED","PREGAME_LINESCORE_DEFENSE_ID","26.3","26.3","11.5","29.6","9.8","3.1","3","3.64","3.29","5.6","5.1","22.8","98","94","","98","301","6","23.3","0.742","0.324","0.315","","17.3","14.1","","6"
"823210","592662","Robbie Ray","2026-06-23","2026-06-24T00:56:24.408Z","San Francisco Giants","Athletics","home","MATCHED","PREGAME_LINESCORE_DEFENSE_ID","22","22","12.1","25.4","11.3","5.06","4.26","4.13","4.96","3.4","4.6","22.2","92","92","","94","284","7","26.3","0.749","0.327","0.328","","15.7","19.2","","6"
"823255","681190","Randy Vásquez","2026-08-26","2026-08-26T17:49:13.800Z","San Diego Padres","Pittsburgh Pirates","home","MATCHED","PREGAME_EXPLICIT_ID","14.9","14.9","9.6","24.8","6.4","4.54","4.16","4.62","5.71","1","4.7","17.4","63","66","5","87","239","5","23.528447474434454","0.736","0.324","0.327","102","34.8","12.9","2.91","2"
"823255","696149","Bubba Chandler","2026-08-26","2026-08-26T17:49:13.800Z","Pittsburgh Pirates","San Diego Padres","away","MATCHED","PREGAME_EXPLICIT_ID","20.8","20.8","10.8","26.3","12.1","4.25","4.19","4.44","4.08","4.8","4.9","21","89","90","5","88","260","5","19.902671854734113","0.703","0.31","0.319","102","34.8","12.9","4.68","3"
"823274","608566","Germán Márquez","2026-07-12","2026-07-12T20:00:28.738Z","San Diego Padres","Toronto Blue Jays","home","MATCHED","PREGAME_LINESCORE_DEFENSE_ID","14.9","14.9","9.4","23.9","11.2","6.2","4.92","5.22","5.62","3.6","5.3","21.8","85","86","5.1","82","233","5","21.9","0.69","0.304","0.285","102","26.1","7","3.88","4"
"823276","621111","Walker Buehler","2026-07-11","2026-07-11T21:45:50.826Z","San Diego Padres","Toronto Blue Jays","home","MATCHED","PREGAME_LINESCORE_DEFENSE_ID","21.3","21.3","9.2","27.4","8.3","4.21","3.45","4.05","4.46","5.4","4.9","21.8","85","87","5","93","252","5","19","0.688","0.303","0.28","102","22.2","8.7","4.95","1"
"823279","650633","Michael King","2026-07-08","2026-07-09T01:49:33.799Z","San Diego Padres","Arizona Diamondbacks","home","MATCHED","PREGAME_LINESCORE_DEFENSE_ID","21","21","11.8","29.1","9.8","4.19","3.81","4.29","4.56","3.8","5.7","24.8","91","94","6","75","258","5","19.3","0.69","0.304","0.321","102","20.2","9.2","4.99","4"
"823280","608566","Germán Márquez","2026-07-07","2026-07-08T01:39:47.411Z","San Diego Padres","Arizona Diamondbacks","home","MATCHED","PREGAME_LINESCORE_DEFENSE_ID","14.2","14.2","9.2","24.2","10.6","6.63","5.07","5.34","6.01","3.6","5.3","22","87","82","5","56","226","5","21.1","0.692","0.305","0.313","","22","12.1","3.73","4"
"823281","650633","Michael King","2026-06-28","2026-06-28T20:04:12.901Z","San Diego Padres","Los Angeles Dodgers","home","MATCHED","PREGAME_LINESCORE_DEFENSE_ID","20.8","20.8","11.6","28.9","9.3","4.25","3.72","4.24","4.67","3","6","25.4","92","96","","93","292","6","21.3","0.788","0.344","0.334","","21.4","15.5","","5"
"823282","621111","Walker Buehler","2026-07-06","2026-07-07T01:30:49.596Z","San Diego Padres","Arizona Diamondbacks","home","MATCHED","PREGAME_LINESCORE_DEFENSE_ID","21.7","21.7","9.2","27.5","8.5","3.98","3.4","4.03","4.45","5.4","4.9","21.4","84","86","5","85","246","5","18.1","0.689","0.304","0.324","","22.8","15.3","4.87","4"
"823283","606996","Kyle Hart","2026-06-27","2026-06-28T00:35:48.129Z","San Diego Padres","Los Angeles Dodgers","home","MATCHED","PREGAME_LINESCORE_DEFENSE_ID","19.1","19.1","8.3","28.9","7.4","2.95","3.52","4.57","3.49","1.6","1.5","5.2","20","17","","45","66","4","21.9","0.781","0.342","0.351","","20.3","14.7","","2"
"823284","676664","JP Sears","2026-06-24","2026-06-24T21:17:26.489Z","San Diego Padres","Atlanta Braves","home","MATCHED","PREGAME_LINESCORE_DEFENSE_ID","N/A","","","","N/A","","","","","","","","","","","0","0","5","24.1","0.734","0.321","0.306","","21.8","13.1","","5"
"823285","621111","Walker Buehler","2026-06-26","2026-06-27T01:36:22.205Z","San Diego Padres","Los Angeles Dodgers","home","MATCHED","PREGAME_LINESCORE_DEFENSE_ID","21.1","21.1","9.1","27.1","7.5","3.38","3.25","4.05","4.37","4.8","5.3","21.2","81","84","","87","259","6","20.9","0.783","0.342","0.35","","20.7","6.8","","5"
"823286","593974","Wandy Peralta","2026-06-23","2026-06-24T00:56:27.529Z","San Diego Padres","Atlanta Braves","home","MATCHED","PREGAME_LINESCORE_DEFENSE_ID","15.3","15.3","11.2","23.1","11.5","4.55","4.28","5.23","4.34","0.5","1","3.5","11","15","","11","43","2","20.2","0.734","0.321","0.352","","21.2","9.7","","2"
"823351","683003","Jared Jones","2026-07-29","2026-07-29T14:56:03.456Z","Pittsburgh Pirates","Arizona Diamondbacks","home","MATCHED","PREGAME_LINESCORE_DEFENSE_ID","28.8","28.8","15","30","7.1","3.44","2.6","2.74","3.13","6.4","5.1","18.8","78","78","5","83","234","5","19","0.708","0.311","0.315","98","24.1","18.4","5.42","5"
"823359","656605","Mitch Keller","2026-07-09","2026-07-09T16:27:36.919Z","Pittsburgh Pirates","Atlanta Braves","home","MATCHED","PREGAME_LINESCORE_DEFENSE_ID","17.3","17.3","9.8","25.9","7.7","4.48","3.95","4.49","5.38","3.8","5.5","24.6","90","91","5.2","83","254","6","20.9","0.725","0.317","0.316","99","27.9","8.2","4.6","3"
"823360","683003","Jared Jones","2026-07-08","2026-07-08T20:22:34.743Z","Pittsburgh Pirates","Atlanta Braves","home","MATCHED","PREGAME_LINESCORE_DEFENSE_ID","24.6","24.6","15.6","29.4","8.7","4.44","3.14","3.49","4.43","4.2","3.9","16.8","70","65","3.2","73","199","6","22.1","0.727","0.318","0.325","99","30.3","10.3","4.36","8"
"823361","694973","Paul Skenes","2026-07-07","2026-07-07T21:48:11.685Z","Pittsburgh Pirates","Atlanta Braves","home","MATCHED","PREGAME_LINESCORE_DEFENSE_ID","30.1","30.1","14.4","28","5.6","3.12","2.45","2.64","2.76","7.4","5.4","23.4","98","95","5.1","81","281","6","20.6","0.727","0.318","0.315","","29","6.3","6.9","4"
"823362","656605","Mitch Keller","2026-06-28","2026-06-28T17:25:15.982Z","Pittsburgh Pirates","Cincinnati Reds","home","MATCHED","PREGAME_LINESCORE_DEFENSE_ID","18.2","18.2","9.9","26.1","8.4","4.25","3.95","4.44","4.9","4.6","4.8","24.4","92","97","","92","286","5","24.4","0.7","0.309","0.322","","24.9","4","","4"
"823363","694973","Paul Skenes","2026-06-26","2026-06-26T22:38:26.833Z","Pittsburgh Pirates","Cincinnati Reds","home","MATCHED","PREGAME_LINESCORE_DEFENSE_ID","30.6","30.6","14.6","28.4","5.1","2.92","2.32","2.59","2.6","8.4","5.6","23.6","105","98","","104","311","6","25","0.698","0.308","0.334","","24.9","9.4","","7"
"823365","656605","Mitch Keller","2026-06-23","2026-06-23T21:42:11.761Z","Pittsburgh Pirates","Seattle Mariners","home","MATCHED","PREGAME_LINESCORE_DEFENSE_ID","18.4","18.4","9.7","26.1","8.8","4.07","3.81","4.49","5","4.8","4.8","24.2","94","97","","96","293","7","21.7","0.7","0.309","0.316","","23.8","14.3","","4"
"823366","696149","Bubba Chandler","2026-06-25","2026-06-25T16:32:55.474Z","Pittsburgh Pirates","Seattle Mariners","home","MATCHED","PREGAME_LINESCORE_DEFENSE_ID","21.1","21.1","11.9","26.6","13.1","4.82","4.42","4.58","4.16","5.2","5.3","23.6","88","87","","74","246","6","25.2","0.697","0.308","0.318","","23","7.7","","4"
"823367","677952","Braxton Ashcraft","2026-06-24","2026-06-24T21:17:29.196Z","Pittsburgh Pirates","Seattle Mariners","home","MATCHED","PREGAME_LINESCORE_DEFENSE_ID","26.3","26.3","14","31","6","3.13","2.94","3.18","2.99","6.4","5.7","24.6","89","92","","93","269","7","22.9","0.7","0.309","0.328","","25.9","8.3","","10"
"823434","666200","Jesús Luzardo","2026-07-24","2026-07-24T19:49:23.777Z","Philadelphia Phillies","New York Yankees","home","MATCHED","PREGAME_LINESCORE_DEFENSE_ID","29.6","29.6","14.7","32.9","7.7","2.99","2.59","3.11","2.91","9.2","5.9","23.8","96","94","5.2","90","281","6","22.5","0.735","0.321","0.317","104","28.5","5.8","7.01","9"
"823525","677960","Ryan Weathers","2026-07-05","2026-07-05T17:31:51.548Z","New York Yankees","Minnesota Twins","home","MATCHED","PREGAME_LINESCORE_DEFENSE_ID","26.7","26.7","12","31.1","6.8","4.22","2.84","3.04","4.64","4.6","4.9","21.6","83","79","4.2","55","240","6","19.9","0.738","0.324","0.317","","26.8","5.5","5.27","6"
"823526","694341","Brendan Beck","2026-07-04","2026-07-04T16:13:05.546Z","New York Yankees","Minnesota Twins","home","MATCHED","PREGAME_LINESCORE_DEFENSE_ID","7.7","7.7","5.8","26.9","23.1","9.87","6.9","7.74","11.8","1","3","13","52","35","2","52","52","5","21.3","0.732","0.321","0.306","","35.8","18.1","1.5","3"
"823527","543037","Gerrit Cole","2026-07-03","2026-07-03T22:10:26.969Z","New York Yankees","Minnesota Twins","home","MATCHED","PREGAME_LINESCORE_DEFENSE_ID","21.3","21.3","8.5","28.7","6.3","4.69","3.65","3.72","3.5","4.4","5","23","87","88","5","89","268","6","20.7","0.733","0.322","0.314","","37.8","21","5.01","7"
"823529","677960","Ryan Weathers","2026-06-29","2026-06-29T22:55:03.781Z","New York Yankees","Detroit Tigers","home","MATCHED","PREGAME_LINESCORE_DEFENSE_ID","26.9","26.9","11.8","31.1","6.8","4.27","2.87","2.99","4.5","6","5.9","24.6","93","96","6","97","267","5","24.1","0.71","0.313","0.315","","","","6.23","3"
"823530","701542","Will Warren","2026-07-01","2026-07-01T17:31:58.794Z","New York Yankees","Detroit Tigers","home","MATCHED","PREGAME_LINESCORE_DEFENSE_ID","22.9","22.9","9.8","28.5","7.9","3.7","3.31","3.68","4.11","3.8","5.1","24.6","90","95","5.1","90","278","5","25.9","0.713","0.314","0.313","","35.3","9","5.35","7"
"823596","640455","Sean Manaea","2026-07-29","2026-07-29T14:56:07.219Z","New York Mets","Atlanta Braves","home","MATCHED","PREGAME_LINESCORE_DEFENSE_ID","22.3","22.3","10.5","26.9","7.4","4.36","3.67","3.87","4.45","4.8","5.7","24.2","96","99","6","84","280","5","22.3","0.731","0.32","0.325","103","25.6","13","5.65","4"
"823605","681035","Christian Scott","2026-07-08","2026-07-08T20:22:41.644Z","New York Mets","Kansas City Royals","home","MATCHED","PREGAME_LINESCORE_DEFENSE_ID","28","28","12.3","27.6","11.7","4.44","3.65","3.59","4.78","6","4.7","20","89","86","4.2","82","252","5","21.8","0.717","0.316","0.325","103","24.6","17.8","5.46","5"
"823606","640455","Sean Manaea","2026-07-09","2026-07-09T17:05:22.912Z","New York Mets","Kansas City Royals","home","MATCHED","PREGAME_LINESCORE_DEFENSE_ID","22.4","22.4","10.6","27","7.6","4.1","3.59","3.9","4.14","4.6","5","22.2","93","91","5","108","284","5","19.3","0.717","0.315","0.327","103","28.7","19.3","4.94","6"
"823607","672335","Cionel Pérez","2026-07-07","2026-07-07T23:05:17.977Z","New York Mets","Kansas City Royals","home","MATCHED","PREGAME_LINESCORE_DEFENSE_ID","20.4","20.4","10.8","29","8.8","4.86","3.38","4.33","6.01","2","1","3","9","15","1.1","16","55","1","19.8","0.708","0.312","0.322","","19.8","14.1","1.69","1"
"823608","672335","Cionel Pérez","2026-06-28","2026-06-28T17:25:19.467Z","New York Mets","Philadelphia Phillies","home","MATCHED","PREGAME_LINESCORE_DEFENSE_ID","17.6","17.6","9.4","28.1","9.2","4.99","3.72","4.71","6.35","1.4","1.6","6.8","26","15","","21","82","2","22.4","0.7","0.307","0.323","","27.3","9.7","","2"
"823610","804267","Zach Thornton","2026-06-26","2026-06-26T23:01:55.573Z","New York Mets","Philadelphia Phillies","home","MATCHED","PREGAME_LINESCORE_DEFENSE_ID","15.8","15.8","7.5","25","10.5","6.2","5.09","4.86","8.41","3","4.3","19","80","67","","80","80","5","22.2","0.704","0.308","0.331","","27.6","12.4","","7"
"823614","673540","Kodai Senga","2026-06-23","2026-06-23T23:00:25.049Z","New York Mets","Chicago Cubs","home","MATCHED","PREGAME_LINESCORE_DEFENSE_ID","24.6","24.6","13.6","26.9","14.9","6.91","4.42","4.29","5.1","3.8","3.6","17.8","71","65","","82","197","7","20.1","0.738","0.326","0.327","","20.3","10.9","","6"
"823681","671737","Taj Bradley","2026-07-12","2026-07-12T16:56:19.818Z","Minnesota Twins","Los Angeles Angels","home","MATCHED","PREGAME_LINESCORE_DEFENSE_ID","27.8","27.8","12.8","29","9.4","3.88","3.24","3.14","3.77","7.8","6.1","23.8","98","95","6","101","297","5","25.3","0.708","0.312","0.312","97","32.4","15.6","6.83","6"
"823682","657746","Joe Ryan","2026-07-11","2026-07-11T15:44:52.855Z","Minnesota Twins","Los Angeles Angels","home","MATCHED","PREGAME_LINESCORE_DEFENSE_ID","28.8","28.8","13.2","31.1","5.4","2.91","2.7","2.64","3.08","7.6","5.6","23.2","99","94","5.1","106","295","6","23","0.708","0.312","0.322","97","31.1","12.1","6.87","6"
"823683","641927","Bailey Ober","2026-07-09","2026-07-09T17:31:46.064Z","Minnesota Twins","Cleveland Guardians","home","MATCHED","PREGAME_LINESCORE_DEFENSE_ID","16.4","16.4","9.5","26.6","6.4","5.06","4.09","4.49","4.37","3.4","5.7","24.8","85","91","6","97","256","5","24.2","0.678","0.301","0.295","97","26.3","4.1","4.4","5"
"823686","687570","Connor Prielipp","2026-06-28","2026-06-28T18:07:28.268Z","Minnesota Twins","Colorado Rockies","home","MATCHED","PREGAME_LINESCORE_DEFENSE_ID","22.3","22.3","9.7","27.8","9.3","4.03","3.68","3.95","4.31","5","5.3","24.8","92","94","","97","272","9","26.7","0.741","0.325","0.313","","23.1","18.6","","10"
"823687","671737","Taj Bradley","2026-07-07","2026-07-07T23:39:16.570Z","Minnesota Twins","Cleveland Guardians","home","MATCHED","PREGAME_LINESCORE_DEFENSE_ID","26.9","26.9","12","28.6","10","4.01","3.42","3.33","3.97","6.4","5.6","23.6","95","94","5.2","97","287","6","22.3","0.68","0.301","0.297","","26.9","3.4","5.95","10"
"823688","671737","Taj Bradley","2026-06-26","2026-06-27T00:07:52.622Z","Minnesota Twins","Colorado Rockies","home","MATCHED","PREGAME_LINESCORE_DEFENSE_ID","25.4","25.4","12","28.5","9.7","4.37","3.48","3.5","4.25","5","4.9","22.8","94","93","","91","281","6","21.9","0.734","0.322","0.321","","25.2","10.7","","7"
"823689","702474","Mike Paredes","2026-06-27","2026-06-27T22:37:09.996Z","Minnesota Twins","Colorado Rockies","home","MATCHED","PREGAME_LINESCORE_DEFENSE_ID","12.8","12.8","9.1","25.1","10.5","5.05","4.91","5.5","4.61","2.33","4.2","18","64","65","","75","192","6","20","0.736","0.323","0.314","","","","","2"
"823690","696070","Kendry Rojas","2026-06-23","2026-06-23T23:00:28.238Z","Minnesota Twins","Los Angeles Dodgers","home","MATCHED","PREGAME_LINESCORE_DEFENSE_ID","23","23","12.8","29.1","16.4","3.55","4.31","4.71","3.77","3","4","15","46","48","","45","132","5","21.4","0.779","0.341","0.324","","19.2","17.3","","4"
"823691","657746","Joe Ryan","2026-06-24","2026-06-24T21:17:38.789Z","Minnesota Twins","Los Angeles Dodgers","home","MATCHED","PREGAME_LINESCORE_DEFENSE_ID","28.1","28.1","12.7","30.6","5.1","2.91","2.77","2.71","3.1","7.6","6.1","25.4","99","97","","97","301","6","21.5","0.783","0.343","0.346","","23.5","20.4","","9"
"823759","675660","Shane Drohan","2026-07-24","2026-07-24T19:49:34.172Z","Milwaukee Brewers","Colorado Rockies","home","MATCHED","PREGAME_LINESCORE_DEFENSE_ID","24","24","13.7","30.7","6.6","3.17","3.23","3.42","3.31","5.8","5.7","23.8","87","87","5.2","90","258","6","25.2","0.745","0.326","0.315","110","24.3","18.9","5.99","6"
"823760","687075","Brandon Sproat","2026-07-21","2026-07-21T22:26:46.705Z","Milwaukee Brewers","New York Mets","home","MATCHED","PREGAME_LINESCORE_DEFENSE_ID","24.7","24.7","11.5","27.6","11.1","5.21","3.83","4","4.81","6","4.4","18.2","85","84","4.1","83","281","10","20.1","0.683","0.301","0.333","110","22.1","20.3","4.78","4"
"823761","701656","Logan Henderson","2026-07-22","2026-07-22T18:09:24.069Z","Milwaukee Brewers","New York Mets","home","MATCHED","PREGAME_LINESCORE_DEFENSE_ID","29.7","29.7","14.3","30","5.5","2.81","2.54","2.47","2.91","5.4","5.1","19.6","78","78","5","73","234","5","21.3","0.686","0.302","0.319","110","22.6","14.5","5.76","9"
"823764","688107","Robert Gasser","2026-07-19","2026-07-19T17:51:25.698Z","Milwaukee Brewers","Miami Marlins","home","MATCHED","PREGAME_LINESCORE_DEFENSE_ID","21.4","21.4","11.9","29.2","7","5.38","3.84","4.04","3.85","4.8","5.6","22.8","87","82","5.1","58","248","7","23","0.738","0.324","0.326","110","24.3","13.4","5.2","5"
"823765","694819","Jacob Misiorowski","2026-07-02","2026-07-02T17:22:34.971Z","Milwaukee Brewers","Cincinnati Reds","home","MATCHED","PREGAME_LINESCORE_DEFENSE_ID","38.8","38.8","18.7","36.9","7.2","1.94","1.87","1.91","2.12","9.2","7","25.6","96","95","7","107","293","6","22.8","0.698","0.308","0.311","","32","16.2","8.26","10"
"823766","701656","Logan Henderson","2026-07-17","2026-07-17T23:18:33.825Z","Milwaukee Brewers","Miami Marlins","home","MATCHED","PREGAME_LINESCORE_DEFENSE_ID","30.6","30.6","15.3","29.5","6.3","2.56","2.61","2.47","3.02","6.2","5.3","20.4","79","78","5.1","76","245","8","18.7","0.741","0.326","0.327","110","33.7","12.4","5.91","4"
"823769","605540","Brandon Woodruff","2026-06-28","2026-06-28T18:07:34.899Z","Milwaukee Brewers","Chicago Cubs","home","MATCHED","PREGAME_LINESCORE_DEFENSE_ID","25","25","11.9","29.6","5","3.37","3.44","3.15","2.9","5","5.1","18.8","67","65","","79","171","6","22.7","0.74","0.327","0.33","","23.2","14.5","","6"
"823770","690986","Kyle Harrison","2026-06-27","2026-06-27T22:37:14.689Z","Milwaukee Brewers","Chicago Cubs","home","MATCHED","PREGAME_LINESCORE_DEFENSE_ID","30","30","14.6","31.6","6.2","3.14","2.74","2.6","3.22","5.6","5.3","21.4","87","85","","85","236","7","21.4","0.738","0.326","0.326","","","","","9"
"823771","688107","Robert Gasser","2026-06-29","2026-06-29T22:55:14.698Z","Milwaukee Brewers","Cincinnati Reds","home","MATCHED","PREGAME_LINESCORE_DEFENSE_ID","23.8","23.8","12.8","29.8","9.2","5.23","3.86","3.96","3.13","5.6","5.2","22","91","91","5.1","97","282","8","24.7","0.699","0.308","0.342","","","","5.77","5"
"823773","694819","Jacob Misiorowski","2026-06-26","2026-06-26T23:39:50.217Z","Milwaukee Brewers","Chicago Cubs","home","MATCHED","PREGAME_LINESCORE_DEFENSE_ID","39.1","39.1","18.8","37.2","6.5","1.76","1.8","1.8","2.03","10","7.2","25.8","94","96","","91","284","7","20.6","0.74","0.327","0.326","","17.3","8.9","","8"
"823837","687473","Ryan Gusto","2026-07-29","2026-07-29T14:56:27.140Z","Miami Marlins","Philadelphia Phillies","home","MATCHED","PREGAME_LINESCORE_DEFENSE_ID","20.5","20.5","10.2","27.9","7.3","3.67","3.65","3.97","4.36","3.4","3.7","17.6","66","58","3.1","57","119","5","20.6","0.702","0.308","0.321","97","31.2","14.5","3.6","3"
"823842","663969","Tyler Phillips","2026-07-12","2026-07-12T16:56:23.016Z","Miami Marlins","Cleveland Guardians","home","MATCHED","PREGAME_LINESCORE_DEFENSE_ID","17.3","17.3","11.6","29.6","10.7","4.58","4.28","4.75","4.8","2.8","5.1","22.2","81","82","5","71","239","4","24.1","0.677","0.3","0.29","97","31.1","11.3","4.14","1"
"823843","687473","Ryan Gusto","2026-07-24","2026-07-24T19:49:37.371Z","Miami Marlins","San Diego Padres","home","MATCHED","PREGAME_LINESCORE_DEFENSE_ID","19.6","19.6","10.2","27.5","7.2","3.88","3.86","4.1","4.62","3.4","3.9","18.2","68","65","3.2","24","85","3","21.4","0.69","0.303","0.321","97","30.5","13.5","3.51","4"
"823846","676083","Janson Junk","2026-07-09","2026-07-09T21:01:56.985Z","Miami Marlins","Seattle Mariners","home","MATCHED","PREGAME_LINESCORE_DEFENSE_ID","16.9","16.9","8.9","25.8","5.1","4.2","3.54","4.13","4","4.4","5.4","24.4","93","97","5.2","93","279","5","22.7","0.69","0.306","0.316","97","30.3","13.2","4.79","5"
"823847","676974","Max Meyer","2026-07-07","2026-07-07T21:48:32.882Z","Miami Marlins","Seattle Mariners","home","MATCHED","PREGAME_LINESCORE_DEFENSE_ID","26.3","26.3","13.8","30.5","8.5","3.54","3.21","3.41","3.75","6.2","5.9","25","93","94","6","78","265","6","22.8","0.694","0.307","0.317","","29.5","13.2","6.51","4"
"823848","663969","Tyler Phillips","2026-07-08","2026-07-08T20:22:54.541Z","Miami Marlins","Seattle Mariners","home","MATCHED","PREGAME_LINESCORE_DEFENSE_ID","17.5","17.5","11.5","29.7","10.8","4.63","4.26","4.68","4.81","3.2","5.1","21.6","81","86","5.1","71","257","5","22.8","0.694","0.307","0.316","97","29.7","12.1","4.25","3"
"823849","645261","Sandy Alcantara","2026-06-23","2026-06-23T21:42:19.556Z","Miami Marlins","Texas Rangers","home","MATCHED","PREGAME_LINESCORE_DEFENSE_ID","17.8","17.8","11.1","27.9","5.6","4.09","3.65","4.18","3.85","5.8","6.7","28","97","96","","102","294","6","22","0.705","0.312","0.322","","30","10.6","","4"
"823850","691587","Eury Pérez","2026-06-24","2026-06-24T16:02:45.541Z","Miami Marlins","Texas Rangers","home","MATCHED","PREGAME_LINESCORE_DEFENSE_ID","27.2","27.2","14.7","27.9","10.6","4.76","3.53","3.53","5","6.6","5.3","21.4","88","88","","73","261","28","18.8","0.708","0.313","0.316","","32.4","11.5","","1"
"823925","686218","Emmet Sheehan","2026-07-12","2026-07-12T20:00:56.841Z","Los Angeles Dodgers","Arizona Diamondbacks","home","MATCHED","PREGAME_LINESCORE_DEFENSE_ID","26.1","26.1","15.5","29.6","7.6","4.67","3.2","3.27","3.93","4.8","3.8","18","79","79","3.2","96","262","7","20.2","0.693","0.305","0.316","101","27.2","14.4","4.81","7"
"823926","808967","Yoshinobu Yamamoto","2026-07-11","2026-07-11T21:46:21.812Z","Los Angeles Dodgers","Arizona Diamondbacks","home","MATCHED","PREGAME_LINESCORE_DEFENSE_ID","25.1","25.1","14.1","30.3","5.3","3.34","2.79","3.25","3.31","6.2","7.1","25.6","99","100","7.1","100","291","7","21.7","0.689","0.304","0.315","101","25","11","6.57","6"
"823928","808963","Roki Sasaki","2026-07-08","2026-07-09T01:49:49.097Z","Los Angeles Dodgers","Colorado Rockies","home","MATCHED","PREGAME_LINESCORE_DEFENSE_ID","22.8","22.8","13.9","27.8","9.7","5.63","3.79","3.97","4.78","5","4.8","21.4","90","89","4.2","88","259","6","19.6","0.753","0.33","0.317","101","23.2","11","4.85","5"
"823929","680736","Justin Wrobleski","2026-07-07","2026-07-08T01:40:05.292Z","Los Angeles Dodgers","Colorado Rockies","home","MATCHED","PREGAME_LINESCORE_DEFENSE_ID","17.3","17.3","9.5","27","4.9","3.59","3.82","4.05","4.28","4.8","6.1","24.2","87","88","6.1","110","269","7","26.6","0.755","0.331","0.306","","23.6","12.7","4.63","9"
"823930","641778","Eric Lauer","2026-07-06","2026-07-07T01:55:45.651Z","Los Angeles Dodgers","Colorado Rockies","home","MATCHED","PREGAME_LINESCORE_DEFENSE_ID","14.7","14.7","9.3","24.5","8.4","6.19","4.8","4.97","5.06","3.2","5.7","23.2","89","89","5.2","95","272","7","23.2","0.755","0.33","0.32","","22","12.3","4.19","3"
"823931","686218","Emmet Sheehan","2026-07-05","2026-07-05T23:06:55.458Z","Los Angeles Dodgers","San Diego Padres","home","MATCHED","PREGAME_LINESCORE_DEFENSE_ID","26.1","26.1","15.5","29.8","7.1","4.77","3.14","3.22","4.1","4.4","4.2","18.6","78","78","4.1","84","251","7","22.6","0.673","0.297","0.317","","","","4.93","5"
"823932","808967","Yoshinobu Yamamoto","2026-07-04","2026-07-05T02:00:18.082Z","Los Angeles Dodgers","San Diego Padres","home","MATCHED","PREGAME_LINESCORE_DEFENSE_ID","24.1","24.1","14","30.1","5.1","3.5","2.87","3.34","3.53","6.2","6.7","25","99","97","6.2","89","300","7","21.7","0.676","0.298","0.323","","22.4","10.7","6.37","10"
"823933","660271","Shohei Ohtani","2026-07-03","2026-07-03T23:50:56.292Z","Los Angeles Dodgers","San Diego Padres","home","MATCHED","PREGAME_LINESCORE_DEFENSE_ID","27.5","27.5","14.4","32","7.7","2.66","2.87","3.34","2.69","6.4","6.1","24.6","94","96","6.1","89","282","9","21.9","0.676","0.298","0.314","","","","6.75","9"
"823988","680570","Grayson Rodriguez","2026-08-26","2026-08-26T17:48:23.525Z","Los Angeles Angels","Cleveland Guardians","home","MATCHED","PREGAME_EXPLICIT_ID","20.5","20.5","11.8","27","10.1","4.91","4.04","4.33","5.78","6.2","5.4","22.4","93","91","5.1","99","271","6","18.377225052442316","0.685","0.304","0.314","105","35.4","11.8","5.14","4"
"823988","676282","Joey Cantillo","2026-08-26","2026-08-26T17:48:23.525Z","Cleveland Guardians","Los Angeles Angels","away","MATCHED","PREGAME_EXPLICIT_ID","25.5","25.5","13.8","31.6","11.2","3.98","3.5","3.68","3.88","5.6","4.1","17.8","75","70","3.2","89","207","5","25.949242157208317","0.686","0.303","0.298","105","35.4","11.8","4.84","1"
"824004","672282","Reid Detmers","2026-07-22","2026-07-22T19:28:12.494Z","Los Angeles Angels","St. Louis Cardinals","home","MATCHED","PREGAME_LINESCORE_DEFENSE_ID","27.4","27.4","14","30.5","7.4","3.31","3.02","3","3.26","6","5.3","23.8","92","93","5.1","86","272","5","17.9","0.702","0.311","0.329","105","28.9","11.8","6.25","6"
"824005","700712","Walbert Ureña","2026-07-21","2026-07-21T22:26:49.904Z","Los Angeles Angels","St. Louis Cardinals","home","MATCHED","PREGAME_LINESCORE_DEFENSE_ID","22","22","12.5","28.9","13","4.04","4.06","4.62","3.31","4.6","5.2","22.4","89","89","5.1","90","268","13","19.9","0.705","0.312","0.331","105","30.1","13.6","4.96","5"
"824007","696270","Ryan Johnson","2026-07-19","2026-07-19T19:08:36.312Z","Los Angeles Angels","Detroit Tigers","home","MATCHED","PREGAME_LINESCORE_DEFENSE_ID","16.8","16.8","12.7","26","8.7","6.47","4.56","4.58","4.99","4","5","20.4","84","80","4.2","75","243","8","27.3","0.712","0.313","0.311","105","30","14.3","4.21","5"
"824009","672282","Reid Detmers","2026-07-17","2026-07-18T01:37:03.499Z","Los Angeles Angels","Detroit Tigers","home","MATCHED","PREGAME_LINESCORE_DEFENSE_ID","27.2","27.2","14","30.4","7.7","3.45","3.07","3.07","3.38","5.2","5.5","24.2","93","96","5.2","82","285","8","22.8","0.712","0.313","0.339","105","25.7","14.6","6.28","7"
"824010","696270","Ryan Johnson","2026-07-05","2026-07-06T00:32:52.215Z","Los Angeles Angels","Boston Red Sox","home","MATCHED","PREGAME_LINESCORE_DEFENSE_ID","16.2","16.2","12.8","25.8","8.1","6.16","4.58","4.65","4.3","3.75","4.8","21.3","85","86","5","81","260","6","23.1","0.697","0.308","0.309","","25.6","12.4","4.26","6"
"824011","691951","Sam Aldegheri","2026-06-28","2026-06-28T19:14:12.583Z","Los Angeles Angels","Athletics","home","MATCHED","PREGAME_LINESCORE_DEFENSE_ID","14.3","14.3","9.1","26.1","10.7","5.59","5.03","5.25","4.86","2","4.2","19.8","78","77","","91","242","6","22.6","0.74","0.323","0.296","","22.1","14","","4"
"824012","691951","Sam Aldegheri","2026-07-04","2026-07-05T01:32:05.087Z","Los Angeles Angels","Boston Red Sox","home","MATCHED","PREGAME_LINESCORE_DEFENSE_ID","15","15","9.8","26.1","9.8","5.02","4.74","5","5.06","2.4","4.3","20","78","78","4.1","81","249","6","20.5","0.696","0.307","0.31","","26.2","12","3.42","2"
"824013","672282","Reid Detmers","2026-07-03","2026-07-03T23:51:05.375Z","Los Angeles Angels","Boston Red Sox","home","MATCHED","PREGAME_LINESCORE_DEFENSE_ID","27.6","27.6","14.1","30.6","7.6","3.05","3.02","3.02","3.04","6","6.3","23.6","92","91","6.1","99","279","6","24","0.694","0.306","0.301","","","","6.4","5"
"824014","700712","Walbert Ureña","2026-06-26","2026-06-27T01:36:56.429Z","Los Angeles Angels","Athletics","home","MATCHED","PREGAME_LINESCORE_DEFENSE_ID","21.9","21.9","12.2","28.6","12","4.05","3.95","4.47","3.24","5.6","5.8","24.8","95","97","","90","285","6","22.6","0.744","0.325","0.315","","22.3","14.3","","5"
"824015","672282","Reid Detmers","2026-06-27","2026-06-28T01:27:43.327Z","Los Angeles Angels","Athletics","home","MATCHED","PREGAME_LINESCORE_DEFENSE_ID","27.2","27.2","13.8","30.4","7.3","2.98","3.01","3.04","2.92","5.8","6.2","23.4","90","90","","90","269","6","24.4","0.743","0.324","0.311","","22.2","15.1","","8"
"824017","696270","Ryan Johnson","2026-06-23","2026-06-24T00:56:43.812Z","Los Angeles Angels","Baltimore Orioles","home","MATCHED","PREGAME_LINESCORE_DEFENSE_ID","9.7","9.7","12.4","22.4","11.1","8.82","6","6.04","6.27","2","4.2","23","85","80","","89","158","5","23.9","0.726","0.319","0.317","","21.9","11.8","","8"
"824018","667755","José Soriano","2026-06-24","2026-06-24T20:06:43.608Z","Los Angeles Angels","Baltimore Orioles","home","MATCHED","PREGAME_LINESCORE_DEFENSE_ID","25.5","25.5","15.3","30.9","12","4.08","3.51","3.96","4.19","4.8","5.1","23.8","96","92","","105","269","5","24.3","0.722","0.317","0.323","","27.1","13.6","","4"
"824083","607625","Seth Lugo","2026-07-22","2026-07-22T18:07:20.465Z","Kansas City Royals","San Francisco Giants","home","MATCHED","PREGAME_LINESCORE_DEFENSE_ID","18.8","18.8","8.7","26.9","7.6","4.44","4.02","4.18","5.53","4.6","5.1","23.2","90","92","5.1","90","273","5","20","0.724","0.315","0.323","90","27.8","14","4.68","5"
"824085","679883","Luinder Avila","2026-07-21","2026-07-21T22:26:52.897Z","Kansas City Royals","San Francisco Giants","home","MATCHED","PREGAME_LINESCORE_DEFENSE_ID","20.2","20.2","9.7","27.7","13.7","4.66","4.35","4.67","4.87","4.4","4.9","20.8","86","82","4.2","96","251","11","19.2","0.726","0.315","0.31","90","32.4","22.1","4.34","7"
"824086","702070","Noah Cameron","2026-07-19","2026-07-19T17:51:22.682Z","Kansas City Royals","San Diego Padres","home","MATCHED","PREGAME_LINESCORE_DEFENSE_ID","21.5","21.5","11.5","27.7","7.6","4.13","3.49","3.77","4.96","5.4","5.1","25.6","101","101","5","100","291","8","24.3","0.673","0.297","0.311","90","32.1","3.8","5.48","1"
"824089","702070","Noah Cameron","2026-07-06","2026-07-06T17:11:47.356Z","Kansas City Royals","Philadelphia Phillies","home","MATCHED","PREGAME_LINESCORE_DEFENSE_ID","20.3","20.3","11","27.2","6.8","3.93","3.45","3.85","4.9","3.8","4.8","23.6","98","94","4.2","86","302","6","23.1","0.707","0.31","0.329","","31.5","10.5","4.69","7"
"824090","607625","Seth Lugo","2026-07-17","2026-07-17T23:18:39.522Z","Kansas City Royals","San Diego Padres","home","MATCHED","PREGAME_LINESCORE_DEFENSE_ID","19.1","19.1","8.7","26.9","7.6","4.48","3.96","4.11","5.48","4","5.1","23.2","89","91","5.1","89","268","5","21.5","0.672","0.297","0.319","90","31.5","18","4.68","3"
"824091","679883","Luinder Avila","2026-07-05","2026-07-05T18:57:19.562Z","Kansas City Royals","Philadelphia Phillies","home","MATCHED","PREGAME_LINESCORE_DEFENSE_ID","20.9","20.9","9.9","27.7","14.6","4.74","4.46","4.65","4.61","3.6","4.1","18","77","78","4","86","264","7","22.3","0.71","0.311","0.304","","31.8","12.7","3.93","4"
"824093","663568","Stephen Kolek","2026-07-02","2026-07-02T21:57:47.960Z","Kansas City Royals","Tampa Bay Rays","home","MATCHED","PREGAME_LINESCORE_DEFENSE_ID","16","16","9.7","25.6","5.2","4.64","3.59","4.38","3.81","4","5.2","23","84","79","5","49","232","11","20.5","0.736","0.325","0.318","","34.6","23.1","4.05","0"
"824165","837227","Tatsuya Imai","2026-07-21","2026-07-21T22:26:55.795Z","Houston Astros","Miami Marlins","home","MATCHED","PREGAME_LINESCORE_DEFENSE_ID","27","27","13.6","29.1","14.2","5.16","3.8","3.97","5.11","5.4","3.5","16.6","73","70","3.1","84","237","14","19.4","0.736","0.323","0.325","107","24.1","3.1","4.15","8"
"824168","686613","Hunter Brown","2026-07-19","2026-07-19T17:51:18.997Z","Houston Astros","Baltimore Orioles","home","MATCHED","PREGAME_LINESCORE_DEFENSE_ID","25.5","25.5","10.2","28.9","14.4","4.87","3.84","4.2","3.79","4.4","4.9","22","92","92","5","98","283","9","25.6","0.717","0.316","0.32","107","28.1","18.7","5.52","4"
"824170","663567","Peter Lambert","2026-07-17","2026-07-17T23:18:42.220Z","Houston Astros","Baltimore Orioles","home","MATCHED","PREGAME_LINESCORE_DEFENSE_ID","22.9","22.9","12.2","26.7","9.3","4.34","3.93","3.93","3.38","5.6","5.8","23.2","96","92","5.2","107","297","6","24.6","0.722","0.318","0.329","107","29.1","4.4","5.59","10"
"824172","663567","Peter Lambert","2026-07-05","2026-07-05T19:22:20.784Z","Houston Astros","Tampa Bay Rays","home","MATCHED","PREGAME_LINESCORE_DEFENSE_ID","21.9","21.9","12","26.5","10","4.57","4.13","4.12","3.66","5","5.8","24","93","95","6","100","281","6","19.5","0.738","0.325","0.32","","29.4","4.2","5.41","6"
"824173","681293","Spencer Arrighetti","2026-07-03","2026-07-03T23:51:14.493Z","Houston Astros","Tampa Bay Rays","home","MATCHED","PREGAME_LINESCORE_DEFENSE_ID","24","24","11.4","29.7","11.9","4.74","4.2","4.26","4.83","6.4","5","22.8","92","92","5","93","284","7","19","0.737","0.325","0.316","","","","5.43","4"
"824176","663567","Peter Lambert","2026-06-29","2026-06-29T23:57:30.964Z","Houston Astros","Minnesota Twins","home","MATCHED","PREGAME_LINESCORE_DEFENSE_ID","22.5","22.5","12","26.7","9.8","4.1","4.01","4.04","3.5","4.8","5.7","23.4","91","90","5.2","92","272","6","20.4","0.734","0.322","0.315","","","","5.4","4"
"824248","669373","Tarik Skubal","2026-07-24","2026-07-24T19:49:41.378Z","Detroit Tigers","Kansas City Royals","home","MATCHED","PREGAME_LINESCORE_DEFENSE_ID","30.5","30.5","17.1","32.5","3.4","2.95","2.15","2.47","3.07","8.2","5.8","21.8","90","90","5.2","87","276","6","20.8","0.716","0.314","0.307","99","26.4","9.7","6.95","12"
"824249","663554","Casey Mize","2026-07-11","2026-07-11T21:46:28.408Z","Detroit Tigers","Philadelphia Phillies","home","MATCHED","PREGAME_LINESCORE_DEFENSE_ID","25.7","25.7","13.6","31.7","5.7","2.81","2.97","2.97","3.01","5.8","5.6","21.8","85","88","5.2","94","279","6","24.2","0.704","0.309","0.316","99","28.5","18.8","5.94","5"
"824250","669373","Tarik Skubal","2026-07-12","2026-07-12T16:56:30.524Z","Detroit Tigers","Philadelphia Phillies","home","MATCHED","PREGAME_LINESCORE_DEFENSE_ID","30.4","30.4","16.3","32.5","3.6","3.21","2.19","2.45","3.19","7.8","5.5","22","88","90","5.2","96","268","5","23.6","0.702","0.308","0.329","99","28.2","14.2","7.05","5"
"824251","664285","Framber Valdez","2026-07-09","2026-07-09T21:01:59.501Z","Detroit Tigers","Athletics","home","MATCHED","PREGAME_LINESCORE_DEFENSE_ID","17.6","17.6","9.5","27.5","8.1","4.38","3.95","4.65","4.4","3.8","5.6","25.2","87","91","6","87","269","7","24.4","0.732","0.32","0.305","99","25.9","11.5","4.69","9"
"824252","656427","Jack Flaherty","2026-07-10","2026-07-10T20:35:25.992Z","Detroit Tigers","Philadelphia Phillies","home","MATCHED","PREGAME_LINESCORE_DEFENSE_ID","26.5","26.5","11.8","28.5","10.7","3.84","3.62","3.6","4.31","5.6","4.7","19.6","85","81","4.1","88","245","6","21.7","0.706","0.31","0.304","99","29","3.1","4.87","6"
"824253","675512","Troy Melton","2026-07-08","2026-07-08T20:23:09.843Z","Detroit Tigers","Athletics","home","MATCHED","PREGAME_LINESCORE_DEFENSE_ID","19.2","19.2","11.6","25.7","6","4.63","3.59","4","3.08","5.6","6.3","23.4","88","87","6.1","84","256","7","19.3","0.734","0.321","0.326","99","31","10.7","5.16","9"
"824254","669373","Tarik Skubal","2026-07-07","2026-07-07T21:48:48.053Z","Detroit Tigers","Athletics","home","MATCHED","PREGAME_LINESCORE_DEFENSE_ID","29.5","29.5","15.6","32.4","3.1","3.2","2.25","2.5","3.26","7.4","5.9","22.4","87","88","6","87","266","7","24.3","0.736","0.322","0.314","","28.8","10.9","6.91","9"
"824255","672456","Keider Montero","2026-06-26","2026-06-26T22:38:41.029Z","Detroit Tigers","Houston Astros","home","MATCHED","PREGAME_LINESCORE_DEFENSE_ID","16.5","16.5","7.9","25.8","5.3","4.04","3.81","4.28","3.7","3.8","6","23.8","81","81","","76","202","5","22.1","0.726","0.317","0.329","","21.5","6.9","","3"
"824256","656427","Jack Flaherty","2026-06-28","2026-06-28T17:25:30.887Z","Detroit Tigers","Houston Astros","home","MATCHED","PREGAME_LINESCORE_DEFENSE_ID","25.5","25.5","11.4","28.8","11.1","4.19","3.75","3.78","4.64","6","4.4","20","83","76","","63","244","16","19.9","0.725","0.317","0.318","","27.1","10.5","","9"
"824257","664285","Framber Valdez","2026-06-27","2026-06-27T16:54:15.925Z","Detroit Tigers","Houston Astros","home","MATCHED","PREGAME_LINESCORE_DEFENSE_ID","19.2","19.2","10","28.5","8.7","4.24","3.94","4.53","4.34","5","5.7","24.6","90","94","","94","261","5","21.1","0.723","0.316","0.294","","24.6","12.1","","2"
"824259","669373","Tarik Skubal","2026-06-24","2026-06-24T21:17:48.096Z","Detroit Tigers","New York Yankees","home","MATCHED","PREGAME_LINESCORE_DEFENSE_ID","26.9","26.9","14.8","32","3.8","2.85","2.47","2.9","3.62","6.8","5.9","23.4","90","91","","94","265","5","19.9","0.767","0.335","0.323","","23.7","8.6","","9"
"824262","663554","Casey Mize","2026-06-23","2026-06-23T21:42:25.265Z","Detroit Tigers","New York Yankees","home","MATCHED","PREGAME_LINESCORE_DEFENSE_ID","25.2","25.2","13.2","30.4","6.3","2.76","3.14","3.12","3.03","4","4.7","17.8","69","67","","86","239","6","23.8","0.768","0.335","0.319","","24.3","8.7","","6"
"824327","687312","Gabriel Hughes","2026-07-22","2026-07-22T18:27:36.753Z","Colorado Rockies","Washington Nationals","home","MATCHED","PREGAME_LINESCORE_DEFENSE_ID","25","25","10.9","27.9","8.9","2.29","3.34","3.4","2.74","6.5","5.7","22.5","88","87","5.2","82","229","5","19.6","0.768","0.334","0.325","90","33.9","13.2","5.76","5"
"824329","547179","Michael Lorenzen","2026-07-21","2026-07-21T22:26:58.494Z","Colorado Rockies","Washington Nationals","home","MATCHED","PREGAME_LINESCORE_DEFENSE_ID","15.8","15.8","8.4","26.1","8.2","4.9","4.22","4.72","5.56","2.6","5.3","24.2","90","93","5.1","79","269","9","19.6","0.767","0.334","0.331","90","34.8","21.3","4.05","5"
"824330","663372","Ryan Feltner","2026-07-19","2026-07-19T19:08:45.605Z","Colorado Rockies","Cincinnati Reds","home","MATCHED","PREGAME_LINESCORE_DEFENSE_ID","17.6","17.6","11.9","26.7","9","5.16","4.04","4.46","5.13","4.2","5.4","23.4","92","90","5.1","92","262","10","25.5","0.708","0.311","0.33","90","36.1","12.6","4.49","3"
"824332","687312","Gabriel Hughes","2026-07-17","2026-07-17T23:18:45.221Z","Colorado Rockies","Cincinnati Reds","home","MATCHED","PREGAME_LINESCORE_DEFENSE_ID","22.9","22.9","11.6","27.2","8.6","2.42","3.48","3.65","2.67","7","6","24","94","85","5.1","94","147","9","24.4","0.703","0.31","0.321","90","31","18","6.08","6"
"824333","685299","Tanner Gordon","2026-07-05","2026-07-05T19:36:16.609Z","Colorado Rockies","San Francisco Giants","home","MATCHED","PREGAME_LINESCORE_DEFENSE_ID","21.4","21.4","13.1","27.3","4.4","4.27","3.6","3.49","4.67","3","4.3","20.7","76","77","4.1","74","229","5","18.3","0.727","0.316","0.326","","35.3","7.4","4.38","7"
"824335","547179","Michael Lorenzen","2026-07-02","2026-07-02T17:22:43.562Z","Colorado Rockies","Miami Marlins","home","MATCHED","PREGAME_LINESCORE_DEFENSE_ID","16.9","16.9","8.8","26.7","6.6","4.79","3.98","4.42","5.53","4.6","4.9","22.4","88","91","5","92","271","5","19.8","0.724","0.319","0.324","","29.4","10.2","4.4","1"
"824336","663372","Ryan Feltner","2026-07-03","2026-07-03T23:51:23.510Z","Colorado Rockies","San Francisco Giants","home","MATCHED","PREGAME_LINESCORE_DEFENSE_ID","15.9","15.9","11.5","25.4","9.1","5.03","4.18","4.71","5.23","3.2","5.4","22.4","87","91","5.2","82","279","5","16.9","0.725","0.315","0.332","","","","3.93","9"
"824339","807743","Sean Sullivan","2026-06-29","2026-06-30T00:35:28.520Z","Colorado Rockies","Miami Marlins","home","MATCHED","PREGAME_LINESCORE_DEFENSE_ID","11.9","11.9","7.6","24","11.9","7.28","6.08","6.65","3.06","2.33","4","19.7","75","74","4","94","225","6","23.4","0.711","0.314","0.314","","31.7","4","3.05","5"
"824340","807743","Sean Sullivan","2026-06-23","2026-06-24T00:38:55.116Z","Colorado Rockies","Boston Red Sox","home","MATCHED","PREGAME_LINESCORE_DEFENSE_ID","11.4","11.4","5.3","20.6","5.7","7.06","6.46","6.81","1.71","2","3.5","17.5","66","57","","82","131","6","20.6","0.69","0.305","0.308","","28.2","13.8","","3"
"824341","607536","Kyle Freeland","2026-06-24","2026-06-24T18:59:59.359Z","Colorado Rockies","Boston Red Sox","home","MATCHED","PREGAME_LINESCORE_DEFENSE_ID","18.7","18.7","11.2","27.1","5.2","5.18","3.83","4.02","5.59","4.4","5.5","25","87","93","","81","265","5","18.6","0.693","0.306","0.318","","27.4","14.9","","4"
"824406","668909","Gavin Williams","2026-07-23","2026-07-23T17:03:08.447Z","Cleveland Guardians","Minnesota Twins","home","MATCHED","PREGAME_LINESCORE_DEFENSE_ID","29.9","29.9","14.5","32.7","7.6","3.95","2.62","2.84","4.37","8.4","5.5","23.2","93","93","5.2","84","266","5","21.2","0.734","0.322","0.319","104","23.9","11.8","7.01","11"
"824408","677944","Slade Cecconi","2026-07-22","2026-07-22T19:28:27.278Z","Cleveland Guardians","Minnesota Twins","home","MATCHED","PREGAME_LINESCORE_DEFENSE_ID","17.9","17.9","9.4","26.9","7.2","4.38","3.76","4.29","4.59","3.2","5.3","22.6","83","84","5.1","67","254","14","19.3","0.733","0.322","0.309","104","21.3","10.9","4.24","5"
"824409","800048","Parker Messick","2026-07-21","2026-07-21T22:27:01.500Z","Cleveland Guardians","Minnesota Twins","home","MATCHED","PREGAME_LINESCORE_DEFENSE_ID","24.7","24.7","12.6","28.2","8.1","3.39","3.03","3.43","3.26","5.6","6.3","25","93","95","6.1","91","274","11","19.3","0.735","0.323","0.326","105","26","30.5","5.53","6"
"824416","677944","Slade Cecconi","2026-07-02","2026-07-02T21:39:47.060Z","Cleveland Guardians","Chicago White Sox","home","MATCHED","PREGAME_LINESCORE_DEFENSE_ID","18.1","18.1","9.7","27.1","7.5","4.44","3.79","4.33","4.41","4","5.7","23","83","86","6","87","248","5","24.5","0.738","0.324","0.325","","33","15","4.66","3"
"824417","668909","Gavin Williams","2026-07-03","2026-07-03T22:10:43.464Z","Cleveland Guardians","Chicago White Sox","home","MATCHED","PREGAME_LINESCORE_DEFENSE_ID","28.3","28.3","14.6","32.8","8.2","3.88","2.77","3.09","4.45","5.8","5.1","22.2","94","92","5","103","285","5","23.8","0.739","0.324","0.326","","32.3","11.6","6.39","6"
"824419","676282","Joey Cantillo","2026-07-01","2026-07-01T17:08:09.287Z","Cleveland Guardians","Texas Rangers","home","MATCHED","PREGAME_LINESCORE_DEFENSE_ID","23.6","23.6","13","30.7","10.8","4.43","3.81","3.84","4.11","6.6","5.6","23","91","92","5.2","90","267","5","20.4","0.711","0.314","0.296","","32.1","20.4","5.62","4"
"824420","800048","Parker Messick","2026-06-29","2026-06-29T22:55:12.301Z","Cleveland Guardians","Texas Rangers","home","MATCHED","PREGAME_LINESCORE_DEFENSE_ID","27.2","27.2","13.6","29","7.8","3.25","2.81","3.1","3.23","6.2","6","24.4","94","97","6.1","95","291","6","21.8","0.711","0.314","0.314","","","","6.2","5"
"824421","677944","Slade Cecconi","2026-06-27","2026-06-27T22:37:23.206Z","Cleveland Guardians","Seattle Mariners","home","MATCHED","PREGAME_LINESCORE_DEFENSE_ID","18.2","18.2","9.7","27.1","7.4","4.55","3.79","4.3","4.43","3.8","5.4","22","80","82","","79","248","6","23.2","0.695","0.308","0.329","","","","","4"
"824422","668909","Gavin Williams","2026-06-28","2026-06-28T17:25:33.488Z","Cleveland Guardians","Seattle Mariners","home","MATCHED","PREGAME_LINESCORE_DEFENSE_ID","28.5","28.5","14.7","33.1","8","3.94","2.73","3.03","4.52","5.4","5.5","22.4","92","91","","95","272","6","22.3","0.694","0.307","0.31","","26.6","10.7","","6"
"824423","676282","Joey Cantillo","2026-06-26","2026-06-26T23:02:09.183Z","Cleveland Guardians","Seattle Mariners","home","MATCHED","PREGAME_LINESCORE_DEFENSE_ID","22.4","22.4","12.5","30.2","10.9","4.51","3.97","4.01","4.19","5","4.8","21.4","87","88","","98","274","6","23.1","0.695","0.308","0.317","","20.5","8.4","","9"
"824491","671096","Andrew Abbott","2026-07-12","2026-07-12T16:56:33.815Z","Cincinnati Reds","Chicago Cubs","home","MATCHED","PREGAME_LINESCORE_DEFENSE_ID","18.5","18.5","10.7","27","10.3","4.99","4","4.43","4.77","5.6","5.3","23.2","95","96","5.1","95","285","5","23.1","0.746","0.329","0.318","103","27.4","8.3","5.09","3"
"824492","666157","Nick Lodolo","2026-07-11","2026-07-11T21:46:34.312Z","Cincinnati Reds","Chicago Cubs","home","MATCHED","PREGAME_LINESCORE_DEFENSE_ID","17.9","17.9","9.6","26.5","9.3","5.12","4.39","4.81","6.12","4.2","5","22.4","91","90","5","97","268","6","21.1","0.745","0.329","0.324","103","23.8","7.1","4.53","4"
"824493","668881","Hunter Greene","2026-07-10","2026-07-10T20:35:32.569Z","Cincinnati Reds","Chicago Cubs","home","MATCHED","PREGAME_LINESCORE_DEFENSE_ID","35","35","16.9","25.8","20","6.5","3.83","3.41","10.31","7","3.3","20","89","70","2.2","89","89","6","21.6","0.749","0.33","0.329","103","29.4","6.4","6.22","12"
"824494","663903","Brady Singer","2026-07-09","2026-07-09T21:02:01.240Z","Cincinnati Reds","Philadelphia Phillies","home","MATCHED","PREGAME_LINESCORE_DEFENSE_ID","19","19","10.6","28.9","8","5.94","4.08","4.3","5.56","5.8","5.5","23.2","97","93","5.1","93","297","6","22.7","0.709","0.311","0.314","103","30","8.9","5.32","5"
"824495","671096","Andrew Abbott","2026-07-07","2026-07-07T23:05:31.493Z","Cincinnati Reds","Philadelphia Phillies","home","MATCHED","PREGAME_LINESCORE_DEFENSE_ID","17.6","17.6","10.6","26.9","10.8","5.14","4.18","4.62","4.87","5.2","5.3","23.4","97","95","5.1","96","287","6","21.6","0.708","0.31","0.323","","28.6","7.6","4.86","8"
"824496","695505","Chase Burns","2026-07-08","2026-07-08T20:23:17.144Z","Cincinnati Reds","Philadelphia Phillies","home","MATCHED","PREGAME_LINESCORE_DEFENSE_ID","29.7","29.7","16.2","30.3","7.9","3.37","2.74","2.67","3.03","7","5.5","23.4","97","94","5.1","89","278","6","22.3","0.707","0.31","0.319","103","32.1","6.4","6.84","2"
"824498","663903","Brady Singer","2026-07-03","2026-07-03T22:10:46.969Z","Cincinnati Reds","Baltimore Orioles","home","MATCHED","PREGAME_LINESCORE_DEFENSE_ID","18.4","18.4","10.6","28.5","7.1","5.92","4.03","4.29","5.58","5.8","5.3","23","96","97","5.1","98","295","5","23.5","0.716","0.315","0.332","","36.3","13.3","5.33","6"
"824500","695076","Rhett Lowder","2026-06-24","2026-06-24T21:16:57.678Z","Cincinnati Reds","Milwaukee Brewers","home","MATCHED","PREGAME_LINESCORE_DEFENSE_ID","18.1","18.1","8.3","27.1","12.1","4.56","4.44","4.79","5.24","3.4","3.7","18.4","74","78","","95","261","5","22","0.725","0.32","0.325","","26.9","10.2","","6"
"824501","666157","Nick Lodolo","2026-06-23","2026-06-23T23:00:41.858Z","Cincinnati Reds","Milwaukee Brewers","home","MATCHED","PREGAME_LINESCORE_DEFENSE_ID","16.3","16.3","10.1","26.5","8.7","5.9","4.71","5.01","6.64","4.2","5.5","25.8","96","97","","90","281","6","20.3","0.728","0.322","0.336","","25.7","11.2","","6"
"824574","702273","Noah Schultz","2026-07-12","2026-07-12T16:56:36.963Z","Chicago White Sox","Athletics","home","MATCHED","PREGAME_LINESCORE_DEFENSE_ID","20.5","20.5","9.5","27.7","13.8","5.43","4.59","4.85","6.04","4","4.6","20.8","83","82","4.2","92","249","5","21.1","0.723","0.317","0.296","97","30.5","9.4","4.29","4"
"824575","680732","Sean Burke","2026-07-10","2026-07-10T20:35:38.841Z","Chicago White Sox","Athletics","home","MATCHED","PREGAME_LINESCORE_DEFENSE_ID","25.8","25.8","11.6","30.4","8","3.82","3.37","3.36","3.72","7.4","5.4","23.2","92","91","5.1","95","274","6","18.6","0.728","0.319","0.319","97","30.9","9.7","6.07","9"
"824576","663542","Bryan Hudson","2026-07-11","2026-07-11T15:44:55.116Z","Chicago White Sox","Athletics","home","MATCHED","PREGAME_LINESCORE_DEFENSE_ID","22.8","22.8","10.9","30.8","9.4","3.08","3.67","4.05","3.57","1","1.2","4.2","15","15","1.1","24","49","3","20.6","0.726","0.318","0.315","97","22.4","12","1.27","0"
"824577","641743","Anthony Kay","2026-07-09","2026-07-09T18:09:45.236Z","Chicago White Sox","Boston Red Sox","home","MATCHED","PREGAME_LINESCORE_DEFENSE_ID","17.6","17.6","10","26.4","8.7","5.02","4.25","4.82","5.24","4.2","4.5","20.4","79","72","4","48","222","6","19.7","0.702","0.31","0.307","97","29.1","18.4","3.79","4"
"824578","663436","Davis Martin","2026-07-08","2026-07-08T20:23:23.447Z","Chicago White Sox","Boston Red Sox","home","MATCHED","PREGAME_LINESCORE_DEFENSE_ID","22.7","22.7","12.8","28.4","7.3","3.17","3.11","3.75","4.11","3.4","4.8","21.8","85","84","4.2","73","237","6","21.5","0.702","0.31","0.309","97","26.2","15.8","4.81","2"
"824579","702273","Noah Schultz","2026-07-07","2026-07-07T23:39:40.082Z","Chicago White Sox","Boston Red Sox","home","MATCHED","PREGAME_LINESCORE_DEFENSE_ID","21.5","21.5","9.6","28.4","14","4.94","4.38","4.69","5.49","4","4.3","20.2","81","79","4.1","87","248","6","18.4","0.698","0.308","0.318","","20.2","11.6","4.17","3"
"824580","641743","Anthony Kay","2026-06-28","2026-06-28T18:07:31.677Z","Chicago White Sox","Kansas City Royals","home","MATCHED","PREGAME_LINESCORE_DEFENSE_ID","18.2","18.2","10.1","26.5","8.7","5.15","4.21","4.75","5.27","4.8","4.8","22","89","87","","101","276","6","23.4","0.707","0.312","0.304","","28.7","9.6","","2"
"824581","663436","Davis Martin","2026-06-27","2026-06-27T19:45:50.183Z","Chicago White Sox","Kansas City Royals","home","MATCHED","PREGAME_LINESCORE_DEFENSE_ID","24.3","24.3","13.6","29.6","6.4","3.03","2.93","3.45","3.85","4.2","5.2","23.4","88","88","","77","265","6","23.6","0.71","0.313","0.342","","25.6","10.6","","3"
"824582","689818","David Sandlin","2026-06-26","2026-06-26T23:28:14.317Z","Chicago White Sox","Kansas City Royals","home","MATCHED","PREGAME_LINESCORE_DEFENSE_ID","24.1","24.1","11.3","25.7","12.1","6.58","3.8","3.89","4.25","4","5","21","71","75","","81","222","19","21.5","0.712","0.314","0.315","","27.9","12.2","","6"
"824584","680732","Sean Burke","2026-06-23","2026-06-23T23:00:44.757Z","Chicago White Sox","Cleveland Guardians","home","MATCHED","PREGAME_LINESCORE_DEFENSE_ID","24","24","10.7","29.3","8.6","4.06","3.61","3.67","3.99","6","5.1","22.6","92","93","","88","270","5","26.8","0.682","0.303","0.274","","20.4","10.7","","6"
"824652","656849","David Peterson","2026-07-21","2026-07-21T22:27:04.394Z","Chicago Cubs","Detroit Tigers","home","MATCHED","PREGAME_LINESCORE_DEFENSE_ID","18.3","18.3","10","26.9","9.7","4.38","3.89","4.6","5.35","3.2","4.7","21.8","81","82","4.2","77","237","12","24.1","0.713","0.313","0.319","102","25.6","16.2","4.36","4"
"824653","684007","Shota Imanaga","2026-07-19","2026-07-19T17:51:28.401Z","Chicago Cubs","Minnesota Twins","home","MATCHED","PREGAME_LINESCORE_DEFENSE_ID","24","24","15.3","29.7","6.2","4.74","3.29","3.29","3.77","4.8","5.4","22.2","88","87","5.1","102","285","9","18.9","0.737","0.323","0.319","102","24.5","16","5.29","4"
"824655","607067","Colin Rea","2026-07-17","2026-07-17T23:18:50.720Z","Chicago Cubs","Minnesota Twins","home","MATCHED","PREGAME_LINESCORE_DEFENSE_ID","16.8","16.8","9.6","26.1","8.6","5.01","4.24","4.68","5.7","3.2","5.1","23","84","86","5.1","91","261","9","20.6","0.738","0.324","0.324","102","28.5","13.5","4.27","6"
"824656","665871","Javier Assad","2026-07-05","2026-07-05T17:36:56.032Z","Chicago Cubs","St. Louis Cardinals","home","MATCHED","PREGAME_LINESCORE_DEFENSE_ID","15","15","6","23.9","6.3","5.33","4.03","4.53","4.86","3.4","5.3","22","85","81","5","53","228","5","19.3","0.722","0.319","0.34","","20","14.2","3.7","2"
"824660","607067","Colin Rea","2026-07-01","2026-07-01T17:32:56.796Z","Chicago Cubs","San Diego Padres","home","MATCHED","PREGAME_LINESCORE_DEFENSE_ID","17","17","9.5","26","8.4","4.84","4.17","4.59","5.34","3.4","5.1","22.4","81","86","5.1","89","257","5","22","0.669","0.295","0.313","","34.9","20.2","4.31","5"
"824662","684007","Shota Imanaga","2026-06-29","2026-06-29T23:57:39.183Z","Chicago Cubs","San Diego Padres","home","MATCHED","PREGAME_LINESCORE_DEFENSE_ID","23.8","23.8","15.5","29.7","6.2","4.96","3.43","3.34","3.65","4.2","5.5","21.6","81","84","5.2","69","244","5","20.6","0.662","0.293","0.312","","","","5.12","4"
"824733","663776","Patrick Sandoval","2026-07-24","2026-07-24T19:49:48.379Z","Boston Red Sox","Toronto Blue Jays","home","MATCHED","PREGAME_LINESCORE_DEFENSE_ID","23.8","23.8","11.3","29.8","4.8","3.09","2.72","3.08","4.34","5","4.7","21","71","75","5","76","141","6","20.7","0.68","0.299","0.294","97","26.2","8.3","5.1","3"
"824740","801139","Payton Tolle","2026-07-01","2026-07-01T17:31:57.234Z","Boston Red Sox","Washington Nationals","home","MATCHED","PREGAME_LINESCORE_DEFENSE_ID","24.2","24.2","13.1","28","7","3.28","3.34","3.38","2.92","4.6","6","24.8","90","94","6.1","88","257","5","22.3","0.741","0.323","0.32","","34.1","12.1","5.8","5"
"824741","624133","Ranger Suarez","2026-06-29","2026-06-29T22:55:09.102Z","Boston Red Sox","Washington Nationals","home","MATCHED","PREGAME_LINESCORE_DEFENSE_ID","24.9","24.9","10.9","28.1","7.4","2.78","3.02","3.34","3.23","7.4","5.8","24.8","95","96","6","102","293","5","22.2","0.741","0.323","0.33","","","","6.39","8"
"824743","801139","Payton Tolle","2026-06-26","2026-06-26T23:02:14.489Z","Boston Red Sox","New York Yankees","home","MATCHED","PREGAME_LINESCORE_DEFENSE_ID","23.8","23.8","13.1","28","6.9","3.42","3.35","3.42","2.92","4.6","5.5","24.2","91","95","","79","263","5","25","0.765","0.333","0.31","","25.5","12.2","","7"
"824744","543243","Sonny Gray","2026-06-28","2026-06-28T21:06:15.657Z","Boston Red Sox","New York Yankees","home","MATCHED","PREGAME_LINESCORE_DEFENSE_ID","21.1","21.1","10.8","28","6.4","3.91","3.18","3.9","3.8","6.4","6.5","26.2","88","94","","93","270","5","24.5","0.756","0.33","0.309","","24","9","","9"
"824745","687562","Jake Bennett","2026-06-27","2026-06-27T16:54:24.286Z","Boston Red Sox","New York Yankees","home","MATCHED","PREGAME_LINESCORE_DEFENSE_ID","20.8","20.8","13.9","27.1","4.7","2.71","2.94","3.85","2.5","4.4","5.3","21.2","79","82","","72","224","5","21","0.76","0.332","0.322","","22","17.1","","3"
"824812","669432","Trevor Rogers","2026-07-24","2026-07-24T19:49:51.682Z","Baltimore Orioles","Atlanta Braves","home","MATCHED","PREGAME_LINESCORE_DEFENSE_ID","18.8","18.8","11.8","27.7","7.8","3.98","3.65","4.14","4.2","5.8","6.1","23.8","93","92","6","99","281","6","22.8","0.736","0.322","0.321","99","27","11.4","5.28","6"
"824813","680694","Kyle Bradish","2026-07-11","2026-07-11T21:46:42.018Z","Baltimore Orioles","Kansas City Royals","home","MATCHED","PREGAME_LINESCORE_DEFENSE_ID","23.5","23.5","11.3","28.5","11.2","4.2","3.47","3.98","3.88","6.6","6.3","25.4","95","94","6.1","106","292","6","20.9","0.718","0.316","0.324","99","26","11.2","5.31","5"
"824814","669358","Shane Baz","2026-07-12","2026-07-12T16:56:40.520Z","Baltimore Orioles","Kansas City Royals","home","MATCHED","PREGAME_LINESCORE_DEFENSE_ID","19.6","19.6","10","26","9.1","3.87","3.86","4.23","4.51","4.8","6","25.8","100","100","6","100","300","5","21.9","0.713","0.314","0.309","99","26.9","7.3","5.1","9"
"824815","665152","Dean Kremer","2026-07-08","2026-07-08T20:23:29.349Z","Baltimore Orioles","Chicago Cubs","home","MATCHED","PREGAME_LINESCORE_DEFENSE_ID","30.8","30.8","14.6","33.1","4.6","5.2","2.58","2.19","3.94","6.67","5.7","21.7","85","86","5.2","79","254","7","21.7","0.747","0.33","0.329","99","28","8.6","6.55","4"
"824816","669432","Trevor Rogers","2026-07-09","2026-07-09T17:32:56.494Z","Baltimore Orioles","Chicago Cubs","home","MATCHED","PREGAME_LINESCORE_DEFENSE_ID","18.1","18.1","11.7","27.7","8.1","4.11","3.81","4.28","4.14","4.8","6","23.4","91","91","6","93","276","6","21.2","0.749","0.33","0.325","99","27.5","13.2","4.95","4"
"824817","687064","Brandon Young","2026-07-10","2026-07-10T20:35:43.678Z","Baltimore Orioles","Kansas City Royals","home","MATCHED","PREGAME_LINESCORE_DEFENSE_ID","18.5","18.5","11.5","26.8","8.9","3.98","3.91","4.32","4.34","5","5.6","24.4","94","94","5.2","102","290","6","21.5","0.716","0.315","0.31","99","28.1","6.8","5.09","5"
"824820","669358","Shane Baz","2026-07-07","2026-07-07T21:48:56.690Z","Baltimore Orioles","Chicago Cubs","home","MATCHED","PREGAME_LINESCORE_DEFENSE_ID","20","20","10.2","26.2","9","3.88","3.82","4.15","4.49","4.8","5.9","25.8","97","96","6","109","299","8","22.9","0.747","0.33","0.327","","27.1","5.2","5.01","3"
"824821","680694","Kyle Bradish","2026-06-28","2026-06-28T17:25:41.167Z","Baltimore Orioles","Washington Nationals","home","MATCHED","PREGAME_LINESCORE_DEFENSE_ID","24.7","24.7","11.7","29.1","11","4.14","3.32","3.83","3.94","6.6","6.1","25.4","92","92","","101","286","6","18.5","0.741","0.323","0.33","","23","7.8","","2"
"824822","669358","Shane Baz","2026-06-29","2026-06-29T20:07:20.435Z","Baltimore Orioles","Chicago White Sox","home","MATCHED","PREGAME_LINESCORE_DEFENSE_ID","19.9","19.9","10.2","26.4","8.6","3.93","3.76","4.13","4.54","4.8","5.9","25.6","94","97","6","91","293","6","23.9","0.738","0.324","0.336","","31.7","10.5","5.24","6"
"824824","669432","Trevor Rogers","2026-06-26","2026-06-26T23:02:16.894Z","Baltimore Orioles","Washington Nationals","home","MATCHED","PREGAME_LINESCORE_DEFENSE_ID","17.3","17.3","11.4","27.4","7.7","4.35","3.87","4.36","4.19","3.8","6.1","23.4","89","89","","96","275","6","20.8","0.744","0.324","0.331","","28.9","7.3","","7"
"824895","625643","Reynaldo López","2026-07-21","2026-07-21T22:27:10.898Z","Atlanta Braves","San Diego Padres","home","MATCHED","PREGAME_LINESCORE_DEFENSE_ID","20.8","20.8","9.9","26.8","9.6","4.4","3.75","4.09","4.52","3.2","3.8","16.4","70","68","3.2","85","234","10","20.1","0.683","0.301","0.323","103","32","19.1","3.5","6"
"824900","625643","Reynaldo López","2026-07-06","2026-07-06T22:27:52.487Z","Atlanta Braves","New York Mets","home","MATCHED","PREGAME_LINESCORE_DEFENSE_ID","21","21","9.7","27.1","10","4.26","3.84","4.11","4.61","4.2","3.7","16.6","72","67","3.1","69","184","5","22.6","0.677","0.298","0.328","","","","3.65","5"
"824901","519242","Chris Sale","2026-07-17","2026-07-17T23:14:56.713Z","Atlanta Braves","Texas Rangers","home","MATCHED","PREGAME_LINESCORE_DEFENSE_ID","29","29","14.6","32.4","6.2","2.91","2.67","2.96","3.43","6.2","5.1","21.8","88","82","4.2","43","235","7","20.8","0.719","0.317","0.313","104","23.9","6.6","6.02","6"
"824902","527048","Martín Pérez","2026-07-05","2026-07-05T15:04:17.756Z","Atlanta Braves","New York Mets","home","MATCHED","PREGAME_LINESCORE_DEFENSE_ID","19.5","19.5","9.5","28.5","9.6","4.38","3.73","4.38","4.36","3.8","5.1","21.6","81","85","5.1","85","249","5","21","0.673","0.297","0.326","","30.5","3.6","4.51","1"
"824904","656550","Grant Holmes","2026-07-03","2026-07-03T22:10:53.675Z","Atlanta Braves","New York Mets","home","MATCHED","PREGAME_LINESCORE_DEFENSE_ID","20.7","20.7","13.2","28.9","11.1","5.28","3.99","4.3","4.76","3.4","4.2","19.6","76","68","3.2","47","193","6","21.3","0.673","0.296","0.338","","29.5","7.2","4.07","2"
"824906","694462","Hurston Waldrep","2026-07-02","2026-07-02T21:55:57.244Z","Atlanta Braves","St. Louis Cardinals","home","MATCHED","PREGAME_LINESCORE_DEFENSE_ID","25","25","10.9","25.5","33.3","6.2","","6.34","6.05","3","2","12","55","35","1.1","55","55","6","20.4","0.711","0.314","0.334","","34.8","12.6","2.71","4"
"824978","682052","Jacob Lopez","2026-07-19","2026-07-19T19:09:01.018Z","Athletics","Washington Nationals","home","MATCHED","PREGAME_LINESCORE_DEFENSE_ID","16.4","16.4","8.7","25.1","13","6.07","4.94","5.19","3.9","2.6","3.5","16.6","66","57","3","12","131","9","24.4","0.764","0.332","0.329","100","28.7","17.2","3.05","6"
"824980","695611","Gage Jump","2026-07-05","2026-07-05T20:13:04.556Z","Athletics","Miami Marlins","home","MATCHED","PREGAME_LINESCORE_DEFENSE_ID","25","25","11.9","28.2","6.3","2.75","3.06","3.26","3.56","6","5.6","22.2","93","93","5.2","91","295","6","24","0.732","0.323","0.297","","28.7","10.1","5.8","1"
"824981","695611","Gage Jump","2026-07-17","2026-07-18T01:37:38.480Z","Athletics","Washington Nationals","home","MATCHED","PREGAME_LINESCORE_DEFENSE_ID","23.5","23.5","11.9","28.1","7.4","3.41","3.35","3.6","3.96","5.8","5.1","22","93","91","5","86","262","6","23","0.759","0.33","0.334","100","26.4","1.1","5.33","8"
"824982","678022","Jack Perkins","2026-07-03","2026-07-03T23:52:06.647Z","Athletics","Miami Marlins","home","MATCHED","PREGAME_LINESCORE_DEFENSE_ID","27.2","27.2","13.8","30.6","7.5","3.71","3.38","3.29","3.79","5.8","4.6","20.6","82","79","4.1","81","244","6","21.1","0.723","0.319","0.33","","","","5.64","8"
"824983","650644","Aaron Civale","2026-07-04","2026-07-05T01:32:06.991Z","Athletics","Miami Marlins","home","MATCHED","PREGAME_LINESCORE_DEFENSE_ID","15.7","15.7","9.3","28","6.5","5.45","4.39","4.68","5.33","2.6","4.2","20.6","76","76","4.1","90","245","6","20.1","0.728","0.321","0.324","","29.9","21.4","3.62","6"
"824986","695611","Gage Jump","2026-06-29","2026-06-30T01:10:26.816Z","Athletics","Los Angeles Dodgers","home","MATCHED","PREGAME_LINESCORE_DEFENSE_ID","25.7","25.7","12.2","28.5","7.4","2.24","3.16","3.3","2.95","6","6.1","22.2","92","93","6","97","279","5","20.2","0.784","0.343","0.354","","25.6","7.1","5.75","5"
"825039","593958","Eduardo Rodriguez","2026-08-26","2026-08-26T17:46:26.727Z","Arizona Diamondbacks","Chicago Cubs","home","MATCHED","PREGAME_EXPLICIT_ID","17.3","17.3","9.8","25.8","7.7","3.9","3.94","4.31","4.59","4.8","6.5","26","103","102","6.1","99","310","5","19.44780264222162","0.762","0.334","0.319","90","46.4","2.3","4.84","9"
"825039","571510","Matthew Boyd","2026-08-26","2026-08-26T17:46:26.727Z","Chicago Cubs","Arizona Diamondbacks","away","MATCHED","PREGAME_EXPLICIT_ID","18.6","18.6","11","28.2","7.3","4.79","3.81","4.29","5.01","3.2","6.4","27","92","97","6.2","86","281","5","17.672005943536405","0.715","0.314","0.321","90","46.4","2.3","4.92","5"
"825055","518876","Merrill Kelly","2026-07-22","2026-07-22T19:28:44.052Z","Arizona Diamondbacks","Athletics","home","MATCHED","PREGAME_LINESCORE_DEFENSE_ID","14.4","14.4","10.3","25","9.3","5.99","4.45","4.95","7.55","4","5.8","24.6","92","96","6","87","273","5","18.2","0.731","0.32","0.324","90","37.8","5","4.17","3"
"825057","593958","Eduardo Rodriguez","2026-07-19","2026-07-19T19:09:03.956Z","Arizona Diamondbacks","St. Louis Cardinals","home","MATCHED","PREGAME_LINESCORE_DEFENSE_ID","17.1","17.1","9.1","26.2","8.4","4.21","4.05","4.42","5.1","3.8","6.5","25.2","95","96","6.2","87","280","9","16","0.707","0.312","0.339","90","38.1","6.5","4.42","3"
"825060","518876","Merrill Kelly","2026-07-17","2026-07-18T01:37:41.795Z","Arizona Diamondbacks","St. Louis Cardinals","home","MATCHED","PREGAME_LINESCORE_DEFENSE_ID","14.4","14.4","10.3","25.1","9.2","6","4.46","4.95","7.44","4.2","5.9","25.8","93","95","6","94","279","8","21.3","0.708","0.313","0.332","90","32.9","4","4.48","3"
"825061","593958","Eduardo Rodriguez","2026-07-05","2026-07-05T19:36:33.960Z","Arizona Diamondbacks","Milwaukee Brewers","home","MATCHED","PREGAME_LINESCORE_DEFENSE_ID","17.1","17.1","9","26.4","9.2","4.07","4.05","4.5","4.9","3.8","5.9","23.6","93","93","6","91","286","6","23","0.736","0.324","0.331","","41.5","4.7","4.58","3"
"825062","703615","Jose Cabrera","2026-07-03","2026-07-03T23:52:14.585Z","Arizona Diamondbacks","Milwaukee Brewers","home","MATCHED","PREGAME_LINESCORE_DEFENSE_ID","17.1","17.1","13.4","28.9","4.9","5.3","3.79","4.3","4.04","3.5","5","20.5","71","65","4.2","80","142","6","22.2","0.734","0.324","0.323","","","","4.1","3"
"825063","518876","Merrill Kelly","2026-07-04","2026-07-05T01:32:09.581Z","Arizona Diamondbacks","Milwaukee Brewers","home","MATCHED","PREGAME_LINESCORE_DEFENSE_ID","13","13","9.8","24.5","9.1","6.2","4.62","5.14","7.57","2.8","5.7","25.6","87","92","6","93","277","6","20.2","0.734","0.324","0.33","","36.8","9","4.05","6"
"825065","593958","Eduardo Rodriguez","2026-06-29","2026-06-30T01:10:31.895Z","Arizona Diamondbacks","San Francisco Giants","home","MATCHED","PREGAME_LINESCORE_DEFENSE_ID","18","18","8.8","26.5","9.8","4.16","4","4.44","4.82","4.2","5.7","23.2","94","93","5.2","95","280","6","31","0.725","0.315","0.309","","37.5","11.6","5.23","1"