dimension,key,pitcher_games_total,pitchers_unique,games_unique,starts_depth_0,starts_depth_1,starts_depth_2,starts_depth_3_plus,appearances_depth_0,appearances_depth_1,appearances_depth_2,appearances_depth_3_plus
"global","ALL","265","156","260","7","8","8","242","0","4","5","256"
"side","home","260","155","260","7","8","8","237","0","4","5","251"
"side","away","5","5","5","0","0","0","5","0","0","0","5"
"month","2026-06","83","78","83","4","3","4","72","0","1","2","80"
"month","2026-07","170","121","170","3","5","4","158","0","3","3","164"
"month","2026-08","12","12","7","0","0","0","12","0","0","0","12"
"pitcher","453286","1","1","1","0","0","0","1","0","0","0","1"
"pitcher","518876","3","1","3","0","0","0","3","0","0","0","3"
"pitcher","519242","1","1","1","0","0","0","1","0","0","0","1"
"pitcher","527048","1","1","1","0","0","0","1","0","0","0","1"
"pitcher","543037","1","1","1","0","0","0","1","0","0","0","1"
"pitcher","543135","1","1","1","0","0","0","1","0","0","0","1"
"pitcher","543243","1","1","1","0","0","0","1","0","0","0","1"
"pitcher","547179","2","1","2","0","0","0","2","0","0","0","2"
"pitcher","571510","1","1","1","0","0","0","1","0","0","0","1"
"pitcher","571578","1","1","1","0","0","0","1","0","0","0","1"
"pitcher","571945","1","1","1","0","0","0","1","0","0","0","1"
"pitcher","592332","2","1","2","0","0","0","2","0","0","0","2"
"pitcher","592662","2","1","2","0","0","0","2","0","0","0","2"
"pitcher","593958","4","1","4","0","0","0","4","0","0","0","4"
"pitcher","593974","1","1","1","0","0","1","0","0","0","0","1"
"pitcher","594798","1","1","1","0","0","0","1","0","0","0","1"
"pitcher","605540","1","1","1","0","0","0","1","0","0","0","1"
"pitcher","606996","1","1","1","0","1","0","0","0","0","0","1"
"pitcher","607067","2","1","2","0","0","0","2","0","0","0","2"
"pitcher","607259","2","1","2","0","0","0","2","0","0","0","2"
"pitcher","607536","1","1","1","0","0","0","1","0","0","0","1"
"pitcher","607625","2","1","2","0","0","0","2","0","0","0","2"
"pitcher","608566","2","1","2","0","0","0","2","0","0","0","2"
"pitcher","615698","1","1","1","0","0","0","1","0","0","0","1"
"pitcher","621111","3","1","3","0","0","0","3","0","0","0","3"
"pitcher","622491","2","1","2","0","0","0","2","0","0","0","2"
"pitcher","624133","1","1","1","0","0","0","1","0","0","0","1"
"pitcher","625643","2","1","2","0","0","0","2","0","0","0","2"
"pitcher","640455","2","1","2","0","0","0","2","0","0","0","2"
"pitcher","641743","2","1","2","0","0","0","2","0","0","0","2"
"pitcher","641778","1","1","1","0","0","0","1","0","0","0","1"
"pitcher","641793","1","1","1","0","0","0","1","0","0","0","1"
"pitcher","641927","1","1","1","0","0","0","1","0","0","0","1"
"pitcher","643377","2","1","2","0","0","0","2","0","0","0","2"
"pitcher","645261","1","1","1","0","0","0","1","0","0","0","1"
"pitcher","650633","2","1","2","0","0","0","2","0","0","0","2"
"pitcher","650644","1","1","1","0","0","0","1","0","0","0","1"
"pitcher","656427","2","1","2","0","0","0","2","0","0","0","2"
"pitcher","656492","2","1","2","0","0","0","2","0","0","0","2"
"pitcher","656550","1","1","1","0","0","0","1","0","0","0","1"
"pitcher","656605","3","1","3","0","0","0","3","0","0","0","3"
"pitcher","656849","1","1","1","0","0","0","1","0","0","0","1"
"pitcher","656876","2","1","2","0","0","0","2","0","0","0","2"
"pitcher","657277","4","1","4","0","0","0","4","0","0","0","4"
"pitcher","657746","2","1","2","0","0","0","2","0","0","0","2"
"pitcher","660271","1","1","1","0","0","0","1","0","0","0","1"
"pitcher","663372","2","1","2","0","0","0","2","0","0","0","2"
"pitcher","663436","2","1","2","0","0","0","2","0","0","0","2"
"pitcher","663542","1","1","1","0","0","0","1","0","0","0","1"
"pitcher","663554","2","1","2","0","0","0","2","0","0","0","2"
"pitcher","663556","3","1","3","0","0","0","3","0","0","0","3"
"pitcher","663567","3","1","3","0","0","0","3","0","0","0","3"
"pitcher","663568","1","1","1","0","0","0","1","0","0","0","1"
"pitcher","663776","1","1","1","0","0","1","0","0","0","1","0"
"pitcher","663903","2","1","2","0","0","0","2","0","0","0","2"
"pitcher","663969","2","1","2","0","0","0","2","0","0","0","2"
"pitcher","664285","2","1","2","0","0","0","2","0","0","0","2"
"pitcher","665152","1","1","1","0","0","0","1","0","0","0","1"
"pitcher","665871","1","1","1","0","0","0","1","0","0","0","1"
"pitcher","666157","3","1","3","0","0","0","3","0","0","0","3"
"pitcher","666200","2","1","2","0","0","0","2","0","0","0","2"
"pitcher","667755","1","1","1","0","0","0","1","0","0","0","1"
"pitcher","668881","1","1","1","0","1","0","0","0","1","0","0"
"pitcher","668909","3","1","3","0","0","0","3","0","0","0","3"
"pitcher","668984","1","1","1","1","0","0","0","0","0","0","1"
"pitcher","669022","1","1","1","0","0","0","1","0","0","0","1"
"pitcher","669160","2","1","2","0","0","0","2","0","0","0","2"
"pitcher","669302","2","1","2","0","0","0","2","0","0","0","2"
"pitcher","669358","3","1","3","0","0","0","3","0","0","0","3"
"pitcher","669373","4","1","4","0","0","0","4","0","0","0","4"
"pitcher","669432","3","1","3","0","0","0","3","0","0","0","3"
"pitcher","669456","2","1","2","0","1","0","1","0","1","0","1"
"pitcher","669461","2","1","2","0","0","0","2","0","0","0","2"
"pitcher","669467","2","1","2","0","0","0","2","0","0","0","2"
"pitcher","669923","1","1","1","0","0","0","1","0","0","0","1"
"pitcher","671096","2","1","2","0","0","0","2","0","0","0","2"
"pitcher","671737","3","1","3","0","0","0","3","0","0","0","3"
"pitcher","672282","4","1","4","0","0","0","4","0","0","0","4"
"pitcher","672335","2","1","2","1","1","0","0","0","0","0","2"
"pitcher","672456","1","1","1","0","0","0","1","0","0","0","1"
"pitcher","673540","1","1","1","0","0","0","1","0","0","0","1"
"pitcher","674841","1","1","1","0","0","0","1","0","0","0","1"
"pitcher","675512","1","1","1","0","0","0","1","0","0","0","1"
"pitcher","675660","1","1","1","0","0","0","1","0","0","0","1"
"pitcher","676083","1","1","1","0","0","0","1","0","0","0","1"
"pitcher","676106","2","1","2","0","0","0","2","0","0","0","2"
"pitcher","676282","3","1","3","0","0","0","3","0","0","0","3"
"pitcher","676571","1","1","1","0","0","0","1","0","0","0","1"
"pitcher","676664","1","1","1","1","0","0","0","0","0","1","0"
"pitcher","676917","3","1","3","0","0","0","3","0","0","0","3"
"pitcher","676974","1","1","1","0","0","0","1","0","0","0","1"
"pitcher","677944","3","1","3","0","0","0","3","0","0","0","3"
"pitcher","677952","1","1","1","0","0","0","1","0","0","0","1"
"pitcher","677958","3","1","3","0","0","0","3","0","0","0","3"
"pitcher","677960","2","1","2","0","0","0","2","0","0","0","2"
"pitcher","678022","1","1","1","0","0","0","1","0","0","0","1"
"pitcher","679883","2","1","2","0","0","0","2","0","0","0","2"
"pitcher","680570","1","1","1","0","0","0","1","0","0","0","1"
"pitcher","680694","2","1","2","0","0","0","2","0","0","0","2"
"pitcher","680732","2","1","2","0","0","0","2","0","0","0","2"
"pitcher","680736","1","1","1","0","0","0","1","0","0","0","1"
"pitcher","681035","1","1","1","0","0","0","1","0","0","0","1"
"pitcher","681190","1","1","1","0","0","0","1","0","0","0","1"
"pitcher","681293","1","1","1","0","0","0","1","0","0","0","1"
"pitcher","681517","3","1","3","0","0","0","3","0","0","0","3"
"pitcher","682052","1","1","1","0","0","0","1","0","0","0","1"
"pitcher","682243","2","1","2","0","0","0","2","0","0","0","2"
"pitcher","683003","2","1","2","0","0","0","2","0","0","0","2"
"pitcher","684007","2","1","2","0","0","0","2","0","0","0","2"
"pitcher","685299","1","1","1","0","0","1","0","0","0","0","1"
"pitcher","686218","2","1","2","0","0","0","2","0","0","0","2"
"pitcher","686613","1","1","1","0","0","0","1","0","0","0","1"
"pitcher","686790","3","1","3","0","0","0","3","0","0","0","3"
"pitcher","687064","1","1","1","0","0","0","1","0","0","0","1"
"pitcher","687075","1","1","1","0","0","0","1","0","0","0","1"
"pitcher","687223","4","1","4","1","1","1","1","0","0","1","3"
"pitcher","687312","2","1","2","0","1","1","0","0","0","0","2"
"pitcher","687473","2","1","2","0","0","0","2","0","0","0","2"
"pitcher","687562","1","1","1","0","0","0","1","0","0","0","1"
"pitcher","687570","1","1","1","0","0","0","1","0","0","0","1"
"pitcher","688107","2","1","2","0","0","0","2","0","0","0","2"
"pitcher","689818","1","1","1","0","0","1","0","0","0","0","1"
"pitcher","690928","1","1","1","1","0","0","0","0","0","1","0"
"pitcher","690986","1","1","1","0","0","0","1","0","0","0","1"
"pitcher","691587","1","1","1","0","0","0","1","0","0","0","1"
"pitcher","691951","2","1","2","0","0","1","1","0","0","0","2"
"pitcher","693433","1","1","1","0","0","0","1","0","0","0","1"
"pitcher","693686","1","1","1","0","0","0","1","0","0","0","1"
"pitcher","693855","2","1","2","0","0","0","2","0","0","0","2"
"pitcher","694341","1","1","1","1","0","0","0","0","1","0","0"
"pitcher","694462","1","1","1","1","0","0","0","0","1","0","0"
"pitcher","694738","2","1","2","0","0","0","2","0","0","0","2"
"pitcher","694819","2","1","2","0","0","0","2","0","0","0","2"
"pitcher","694973","2","1","2","0","0","0","2","0","0","0","2"
"pitcher","695076","1","1","1","0","0","0","1","0","0","0","1"
"pitcher","695505","1","1","1","0","0","0","1","0","0","0","1"
"pitcher","695611","3","1","3","0","0","0","3","0","0","0","3"
"pitcher","696070","1","1","1","0","1","0","0","0","0","0","1"
"pitcher","696149","2","1","2","0","0","0","2","0","0","0","2"
"pitcher","696270","3","1","3","0","0","0","3","0","0","0","3"
"pitcher","700241","1","1","1","0","0","0","1","0","0","0","1"
"pitcher","700712","2","1","2","0","0","0","2","0","0","0","2"
"pitcher","701542","1","1","1","0","0","0","1","0","0","0","1"
"pitcher","701656","2","1","2","0","0","0","2","0","0","0","2"
"pitcher","702056","2","1","2","0","0","0","2","0","0","0","2"
"pitcher","702070","2","1","2","0","0","0","2","0","0","0","2"
"pitcher","702273","2","1","2","0","0","0","2","0","0","0","2"
"pitcher","702474","1","1","1","0","0","0","1","0","0","0","1"
"pitcher","703615","1","1","1","0","1","0","0","0","0","1","0"
"pitcher","800048","2","1","2","0","0","0","2","0","0","0","2"
"pitcher","801139","2","1","2","0","0","0","2","0","0","0","2"
"pitcher","804267","1","1","1","0","0","0","1","0","0","0","1"
"pitcher","807743","2","1","2","0","0","1","1","0","0","0","2"
"pitcher","808963","1","1","1","0","0","0","1","0","0","0","1"
"pitcher","808967","2","1","2","0","0","0","2","0","0","0","2"
"pitcher","837227","1","1","1","0","0","0","1","0","0","0","1"
"team","Arizona Diamondbacks","8","3","8","0","1","0","7","0","0","1","7"
"team","Athletics","6","4","6","0","0","0","6","0","0","0","6"
"team","Atlanta Braves","6","5","6","1","0","0","5","0","1","0","5"
"team","Baltimore Orioles","10","5","10","0","0","0","10","0","0","0","10"
"team","Boston Red Sox","6","5","6","0","0","1","5","0","0","1","5"
"team","Chicago Cubs","7","5","7","0","0","0","7","0","0","0","7"
"team","Chicago White Sox","10","6","10","0","0","1","9","0","0","0","10"
"team","Cincinnati Reds","10","6","10","0","1","0","9","0","1","0","9"
"team","Cleveland Guardians","11","4","11","0","0","0","11","0","0","0","11"
"team","Colorado Rockies","10","6","10","0","1","3","6","0","0","0","10"
"team","Detroit Tigers","12","6","12","0","0","0","12","0","0","0","12"
"team","Houston Astros","6","4","6","0","0","0","6","0","0","0","6"
"team","Kansas City Royals","7","4","7","0","0","0","7","0","0","0","7"
"team","Los Angeles Angels","13","6","13","0","0","1","12","0","0","0","13"
"team","Los Angeles Dodgers","8","6","8","0","0","0","8","0","0","0","8"
"team","Miami Marlins","8","6","8","0","0","0","8","0","0","0","8"
"team","Milwaukee Brewers","10","7","10","0","0","0","10","0","0","0","10"
"team","Minnesota Twins","9","6","9","0","1","0","8","0","0","0","9"
"team","New York Mets","7","5","7","1","1","0","5","0","0","0","7"
"team","New York Yankees","5","4","5","1","0","0","4","0","1","0","4"
"team","Philadelphia Phillies","2","1","2","0","0","0","2","0","0","0","2"
"team","Pittsburgh Pirates","10","5","10","0","0","0","10","0","0","0","10"
"team","San Diego Padres","11","7","11","1","1","1","8","0","0","1","10"
"team","San Francisco Giants","11","4","11","0","0","0","11","0","0","0","11"
"team","Seattle Mariners","10","6","10","0","0","0","10","0","0","0","10"
"team","St. Louis Cardinals","11","6","11","1","0","0","10","0","0","1","10"
"team","Tampa Bay Rays","12","6","12","1","0","0","11","0","0","0","12"
"team","Texas Rangers","7","5","7","0","0","0","7","0","0","0","7"
"team","Toronto Blue Jays","9","6","9","0","1","0","8","0","1","0","8"
"team","Washington Nationals","13","7","13","1","1","1","10","0","0","1","12"